Date,Open Price,High Price,Low Price,Close,WAP,No.of Shares,No. of Trades,Total Turnover (Rs.),Deliverable Quantity,% Deli. Qty to Traded Qty,Spread High-Low,Spread Close-Open
01-01-2018,395.9,395.9,389,389.7,390.0850343,255732,1188,99757226,197852,77.37,6.9,-6.2
02-01-2018,392.9,392.9,383.7,386.45,386.0038197,175928,2937,67908880,99547,56.58,9.2,-6.45
03-01-2018,387,390,385.15,386.25,387.6917932,102110,1648,39587209,46725,45.76,4.85,-0.75
04-01-2018,386.25,388,384.5,387.15,386.7255641,77468,1513,29958856,38630,49.87,3.5,0.9
05-01-2018,387,388.95,382.5,383.7,384.2113776,326818,4744,125567194,211485,64.71,6.45,-3.3
08-01-2018,383.7,390.35,383.7,388.25,387.7163059,117884,1466,45705549,58165,49.34,6.65,4.55
09-01-2018,389,393.45,386.1,392.2,390.0735694,525001,2546,204789014,390853,74.45,7.35,3.2
10-01-2018,393,395.15,387.5,388.3,390.7343303,325596,3779,127221535,132794,40.78,7.65,-4.7
11-01-2018,388,390.9,387,388.5,388.7145289,200917,1692,78099357,130865,65.13,3.9,0.5
12-01-2018,391.45,394.25,386,388,390.2511243,316859,2379,123654581,132358,41.77,8.25,-3.45
15-01-2018,388.5,395.9,388.5,390.75,391.4299763,459816,11554,179985766,301211,65.51,7.4,2.25
16-01-2018,390,391.75,384.1,385.05,386.0646936,119780,1432,46242829,38899,32.48,7.65,-4.95
17-01-2018,384,387.7,374.9,384.75,381.6922744,159522,2183,60888315,27655,17.34,12.8,0.75
18-01-2018,384.1,384.3,377.6,378.15,378.9869544,163657,3408,62023868,65756,40.18,6.7,-5.95
19-01-2018,381.9,389.55,376.05,385.7,377.9873659,1345643,3760,508636053,1055177,78.41,13.5,3.8
22-01-2018,387.5,388.05,379.75,382.4,382.9030931,80438,1327,30799959,16666,20.72,8.3,-5.1
23-01-2018,395,398.5,388,389.2,391.2031431,586744,8162,229536097,236709,40.34,10.5,-5.8
24-01-2018,392,393.8,388.5,392.45,390.7051033,255208,3655,99711068,113112,44.32,5.3,0.45
25-01-2018,393,395.5,389.05,390.9,391.0993224,441391,4215,172627721,188963,42.81,6.45,-2.1
29-01-2018,394.85,400,392.75,398.75,396.556761,244622,4985,97006508,100071,40.91,7.25,3.9
30-01-2018,405,421.95,399.5,415.6,413.4590355,2771862,21690,1146051389,1445976,52.17,22.45,10.6
31-01-2018,422.2,427.6,415.1,417.75,422.0877414,2184910,17981,922223727,1331479,60.94,12.5,-4.45
01-02-2018,419.9,422.4,410.55,416.55,417.393098,855456,8070,357061430,507473,59.32,11.85,-3.35
02-02-2018,416,416.25,408.15,409.4,411.3221025,546767,42672,224897352,267513,48.93,8.1,-6.6
05-02-2018,408.85,411.5,403.75,409.85,408.6196696,716761,6797,292882643,317619,44.31,7.75,1
06-02-2018,405,406.95,400.05,402.5,402.620513,774435,9893,311803417,383042,49.46,6.9,-2.5
07-02-2018,405.6,410,403.7,404.7,406.2190776,734507,10511,298370756,359415,48.93,6.3,-0.9
08-02-2018,389.9,391.9,385.1,385.9,387.9821172,604323,8296,234466517,326433,54.02,6.8,-4
09-02-2018,382.35,382.8,376,379.2,379.1909657,372381,4890,141203511,169283,45.46,6.8,-3.15
12-02-2018,382,390,375.7,379.4,379.4640303,286533,5170,108728967,119778,41.8,14.3,-2.6
14-02-2018,381.9,382,376.2,378.05,378.0376187,460675,4431,174152480,193613,42.03,5.8,-3.85
15-02-2018,379.95,380.75,375,377.05,376.942512,262820,3076,99068031,104559,39.78,5.75,-2.9
16-02-2018,378,379.7,374.55,375.1,376.8635862,164756,2373,62090537,77532,47.06,5.15,-2.9
19-02-2018,375.95,376.95,367.4,370.35,372.1578862,472638,3743,175895959,279397,59.11,9.55,-5.6
20-02-2018,370.05,371.1,366,366.95,368.6407565,230231,2743,84872530,111606,48.48,5.1,-3.1
21-02-2018,367.4,371.45,362.85,367.6,365.4136621,264073,5672,96495882,102528,38.83,8.6,0.2
22-02-2018,368,368,361.85,363.9,364.7125868,276219,5629,100740546,104290,37.76,6.15,-4.1
23-02-2018,363,369.85,363,368.65,367.4351055,214918,2864,78968418,79860,37.16,6.85,5.65
26-02-2018,372,381.45,370.2,376.75,376.0063367,259597,4840,97610117,98606,37.98,11.25,4.75
27-02-2018,379,383,375.85,377.8,378.7571538,185216,2328,70151885,68117,36.78,7.15,-1.2
28-02-2018,375,381,374.1,379.25,377.1058141,120466,1602,45428429,46056,38.23,6.9,4.25
01-03-2018,380,382.6,378.05,381.3,380.3415461,272502,2432,103643832,127720,46.87,4.55,1.3
05-03-2018,385.8,387,377.4,379.55,380.2751159,445187,4303,169293538,171195,38.45,9.6,-6.25
06-03-2018,381.1,392.65,380.5,382.4,385.3224407,600163,5328,231256272,291208,48.52,12.15,1.3
07-03-2018,383,384.55,379,379.6,381.3409281,278877,3877,106347214,131949,47.31,5.55,-3.4
08-03-2018,383,384.7,377.65,382.25,381.9784514,1093391,4264,417651801,867014,79.3,7.05,-0.75
09-03-2018,382.5,386.9,380.8,385.6,383.4052766,421897,8074,161757536,184378,43.7,6.1,3.1
12-03-2018,388.9,403,387.75,400.55,393.7960152,628988,4825,247692968,396663,63.06,15.25,11.65
13-03-2018,403,412.5,402,407.9,407.6357822,1913635,9701,780066100,1254530,65.56,10.5,4.9
14-03-2018,408.35,409.9,393.45,395.1,399.6509316,2736154,8184,1093506495,2223651,81.27,16.45,-13.25
15-03-2018,190.5,193.3,188.3,192.15,191.4073755,3089130,9008,591282266,2323219,75.21,5,1.65
16-03-2018,192.9,192.9,183,184.65,186.9237737,3707488,7994,693017648,2872388,77.48,9.9,-8.25
19-03-2018,185,185,176,177.8,178.2660092,1178666,6486,210116084,526648,44.68,9,-7.2
20-03-2018,177.8,178,172.9,173.7,174.5760826,2022512,7921,353082222,1467918,72.58,5.1,-4.1
21-03-2018,175,177.35,170.8,172.8,173.9600026,735198,5307,127895046,302930,41.2,6.55,-2.2
22-03-2018,174,174,169.55,170.1,170.6813712,693710,4757,118403374,334249,48.18,4.45,-3.9
23-03-2018,165.55,169.6,165.55,168.75,168.0740502,857783,4800,144171063,492367,57.4,4.05,3.2
26-03-2018,168.75,168.75,164.6,167.05,166.477965,1805806,6897,300626908,1128205,62.48,4.15,-1.7
27-03-2018,169.9,175.6,168.9,174.85,172.8617141,957032,4941,165434192,417332,43.61,6.7,4.95
28-03-2018,174,178,172,176.3,175.0442778,848754,4911,148569531,237609,28,6,2.3
02-04-2018,177.55,178.35,169.8,170.55,170.4545254,2284827,5708,389459102,1931436,84.53,8.55,-7
03-04-2018,171.4,174.6,171.4,174.1,172.6431382,1927270,2974,332729941,1652912,85.76,3.2,2.7
04-04-2018,174.6,174.7,170,170.9,171.743187,368560,3157,63297669,119966,32.55,4.7,-3.7
05-04-2018,172,174.2,172,173.5,173.1516123,415870,2787,72008561,153917,37.01,2.2,1.5
06-04-2018,175.2,176.45,173.8,174.5,174.9658191,446946,3233,78200273,94938,21.24,2.65,-0.7
09-04-2018,175.9,180.7,174.85,179.6,178.466117,556577,4453,99330136,162633,29.22,5.85,3.7
10-04-2018,180.15,181.25,177,179.3,178.7790968,196362,2996,35105421,67561,34.41,4.25,-0.85
11-04-2018,177.5,177.5,166,167.8,168.7663937,2435290,16076,410995111,799053,32.81,11.5,-9.7
12-04-2018,168,170.35,159.25,168.35,166.2978855,1819857,13042,302638371,383082,21.05,11.1,0.35
13-04-2018,169.9,169.9,164.7,165.3,166.855986,909210,6028,151707131,379718,41.76,5.2,-4.6
16-04-2018,165,166.4,162.95,165,164.5953844,711757,4095,117151917,319563,44.9,3.45,0
17-04-2018,166,167.7,164.8,167.15,166.3726466,385620,3146,64156620,99378,25.77,2.9,1.15
18-04-2018,167.5,167.55,164.5,164.95,165.2715417,2187207,4774,361483073,1985852,90.79,3.05,-2.55
19-04-2018,161.7,162.05,157.05,158.35,159.1975172,1767978,15365,281457708,773192,43.73,5,-3.35
20-04-2018,158.1,163.15,156.8,160.55,159.2995246,1069281,6754,170335955,306956,28.71,6.35,2.45
23-04-2018,161.45,164.25,160.4,161.65,162.9608523,1237568,8316,201675136,735520,59.43,3.85,0.2
24-04-2018,161.65,164.45,160.2,163.2,163.6016551,1790486,6901,292926473,1298329,72.51,4.25,1.55
25-04-2018,163.9,165,159.75,160.5,161.8446805,1137314,3796,184068221,231294,20.34,5.25,-3.4
26-04-2018,161.9,162.35,158.3,160.95,159.8678569,326820,2346,52248013,101646,31.1,4.05,-0.95
27-04-2018,162,163.65,160.5,162.7,162.5080497,384921,2459,62552761,94925,24.66,3.15,0.7
30-04-2018,163.9,164.75,161.05,162.3,162.4175613,320341,1975,52029004,78511,24.51,3.7,-1.6
02-05-2018,164,164,160.2,160.95,161.2359232,342035,2406,55148329,95440,27.9,3.8,-3.05
03-05-2018,160.95,162.7,159.85,162.1,162.0584384,1354915,2724,219575409,923512,68.16,2.85,1.15
04-05-2018,161,162.45,160,161.7,161.781416,569058,2288,92063009,247942,43.57,2.45,0.7
07-05-2018,161.7,165.25,159.15,164.25,162.716586,547824,3499,89140051,149988,27.38,6.1,2.55
08-05-2018,163,167,161.6,166.6,165.338798,931614,5053,154031939,282217,30.29,5.4,3.6
09-05-2018,162.4,168,160.8,167.1,164.3398619,870886,4972,143121285,151662,17.41,7.2,4.7
10-05-2018,166.5,169,164.95,168.1,167.0433221,645790,3043,107874907,226563,35.08,4.05,1.6
11-05-2018,169.9,172.95,168.7,169.4,170.3269849,1519908,6312,258881347,844027,55.53,4.25,-0.5
14-05-2018,170.7,173.45,168.15,168.75,169.3393199,1818308,17663,307911040,1092700,60.09,5.3,-1.95
15-05-2018,168,169.9,166,167.35,167.7839312,587151,4241,98514503,119952,20.43,3.9,-0.65
16-05-2018,165.8,167,163.15,166.2,165.7514669,621869,2726,103075699,309725,49.81,3.85,0.4
17-05-2018,165.7,167.45,163.95,164.75,165.1377479,316818,1809,52318611,82934,26.18,3.5,-0.95
18-05-2018,164.75,166.1,162,163.8,163.8293161,386791,3097,63367705,107672,27.84,4.1,-0.95
21-05-2018,163,166,163,165.3,164.531104,404273,2007,66515483,170046,42.06,3,2.3
22-05-2018,166.5,167,158.15,161.55,162.668969,1080340,6969,175737794,347370,32.15,8.85,-4.95
23-05-2018,159.5,160.1,152.3,153.65,154.971705,1736281,10747,269074427,749698,43.18,7.8,-5.85
24-05-2018,154,156.8,151.1,156.1,155.3054608,1474114,8791,228937954,915330,62.09,5.7,2.1
25-05-2018,157,164.35,156.5,163.6,160.7985742,1039946,7004,167221834,362103,34.82,7.85,6.6
28-05-2018,169.95,176.7,167.05,170.35,173.8490992,3157744,17185,548970950,1990370,63.03,9.65,0.4
29-05-2018,171.9,173.7,169.3,171.95,171.9617352,390699,3118,67185278,112157,28.71,4.4,0.05
30-05-2018,171.7,173,168.8,171.5,171.2687191,683848,2977,117121771,329523,48.19,4.2,-0.2
31-05-2018,171.45,175.3,169,174.05,172.5688771,377716,3095,65182026,173152,45.84,6.3,2.6
01-06-2018,176,176,171.4,173.4,173.1509079,863149,3623,149455033,548144,63.51,4.6,-2.6
04-06-2018,174,175.1,171,173.7,172.8725021,992299,4061,171541211,508647,51.26,4.1,-0.3
05-06-2018,173.1,174.7,171.65,173.95,173.4311375,661390,2377,114705620,406787,61.5,3.05,0.85
06-06-2018,174.8,175.8,172.15,175.2,174.2732986,283847,1636,49466953,109841,38.7,3.65,0.4
07-06-2018,175.7,176.4,173.1,174.85,174.587358,255071,1905,44532172,44859,17.59,3.3,-0.85
08-06-2018,173.9,177.2,172.1,176.5,175.6937379,1683176,5812,295723483,1018361,60.5,5.1,2.6
11-06-2018,173.5,176.6,172.1,173.9,175.4404619,575178,3132,100909494,221349,38.48,4.5,0.4
12-06-2018,174.9,175.95,173.25,174.8,174.6450445,567750,2692,99154724,319243,56.23,2.7,-0.1
13-06-2018,176,176,173,175,174.2584361,274060,1484,47757267,94262,34.39,3,-1
14-06-2018,175,175.9,171.6,172.05,172.2872707,527144,2687,90820201,370178,70.22,4.3,-2.95
15-06-2018,172,172.3,167.5,168.1,168.768698,757326,3898,127812923,416985,55.06,4.8,-3.9
18-06-2018,170.3,177.1,170.2,174.05,175.0813046,1279792,5789,224067653,355869,27.81,6.9,3.75
19-06-2018,173.8,173.8,168.25,169.25,169.1899056,1345679,4179,227675303,1000233,74.33,5.55,-4.55
20-06-2018,168.4,169.9,165.15,166.1,166.1455424,975496,4363,162074312,634947,65.09,4.75,-2.3
21-06-2018,166.15,172,163.8,170.2,167.4472529,516929,3202,86558341,114592,22.17,8.2,4.05
22-06-2018,170.1,173.15,169,170.4,170.9823794,1058645,4814,181009641,441405,41.7,4.15,0.3
25-06-2018,169.95,170.25,165.6,167.25,166.9377917,573605,3359,95756352,258035,44.98,4.65,-2.7
26-06-2018,166.5,170.45,165.5,166.55,168.3177075,334767,2146,56347214,108227,32.33,4.95,0.05
27-06-2018,165.4,165.5,155.35,156.25,158.6547223,1198085,7397,190081843,460234,38.41,10.15,-9.15
28-06-2018,152.8,160.5,150.15,154.25,155.5254099,823616,6403,128093216,133030,16.15,10.35,1.45
29-06-2018,155.9,158,153.85,155.95,155.8615129,665831,4908,103777427,184075,27.65,4.15,0.05
02-07-2018,156.95,157.2,152.7,154.3,154.8351503,658897,4146,102020416,197089,29.91,4.5,-2.65
03-07-2018,154.95,155.8,153.3,155.4,154.9171846,313432,2190,48556003,74838,23.88,2.5,0.45
04-07-2018,154.55,156.35,154.1,155.3,155.095365,165910,1646,25731872,45069,27.16,2.25,0.75
05-07-2018,154.05,157.25,154.05,155.15,155.9187562,309833,2232,48308776,60293,19.46,3.2,1.1
06-07-2018,155.1,159.8,155.1,156.6,158.0264515,540613,3696,85431154,158683,29.35,4.7,1.5
09-07-2018,156.6,158.8,156.6,157.4,157.5644659,230044,1807,36246760,63191,27.47,2.2,0.8
10-07-2018,157.35,157.65,155,155.4,156.2482585,202704,1740,31672147,73599,36.31,2.65,-1.95
11-07-2018,155.75,156.85,151.5,155.15,154.096873,598464,3657,92221431,204119,34.11,5.35,-0.6
12-07-2018,159.65,164.2,156.4,156.85,159.6858281,1456572,8153,232593906,287735,19.75,7.8,-2.8
13-07-2018,159.6,160.2,155.85,159.3,158.417792,641288,4216,101591429,119734,18.67,4.35,-0.3
16-07-2018,159.7,159.95,157,157.35,158.3001328,294493,2092,46618281,65913,22.38,2.95,-2.35
17-07-2018,161.5,165,160,164.05,162.8076768,915121,5933,148988724,241741,26.42,5,2.55
18-07-2018,165.5,167.8,164.7,166.75,166.5720919,424257,3672,70669376,102799,24.23,3.1,1.25
19-07-2018,166.85,166.85,162.85,165.75,165.0133208,241502,1682,39851047,49731,20.59,4,-1.1
20-07-2018,164,164.05,160.6,160.95,161.6525072,351921,2053,56888912,180575,51.31,3.45,-3.05
23-07-2018,162.1,165.3,161.65,162.25,163.5008188,242435,2158,39638321,64669,26.67,3.65,0.15
24-07-2018,163.9,165.3,162.2,164.9,164.172664,178636,1277,29327148,56428,31.59,3.1,1
25-07-2018,164.9,164.9,160.45,163.2,162.4180461,168125,1953,27306534,39254,23.35,4.45,-1.7
26-07-2018,162.9,163.95,157.85,158.9,160.2436567,415047,3229,66508649,141171,34.01,6.1,-4
27-07-2018,160,165.75,159.65,165.1,163.1060696,341144,2821,55642657,108110,31.69,6.1,5.1
30-07-2018,166,169.05,164.8,166.35,166.8398934,273499,2187,45630544,67693,24.75,4.25,0.35
31-07-2018,166.5,166.5,163.6,164.45,164.4248014,219778,1541,36136954,68372,31.11,2.9,-2.05
01-08-2018,166.4,168.9,166.2,168,167.7457964,331915,2715,55677346,86461,26.05,2.7,1.6
02-08-2018,169.25,171.55,168,168.75,169.3277854,247299,1853,41874592,58352,23.6,3.55,-0.5
03-08-2018,168,169.65,166.9,168.65,168.6596011,143984,1261,24284284,37203,25.84,2.75,0.65
06-08-2018,168.65,169.9,167.15,168.1,168.2507499,183689,1934,30905812,66079,35.97,2.75,-0.55
07-08-2018,168.5,168.75,166.1,166.55,167.081969,112811,1126,18848684,38182,33.85,2.65,-1.95
08-08-2018,167.05,167.8,165.4,165.75,166.1064783,151167,1352,25109818,55458,36.69,2.4,-1.3
09-08-2018,168,169.4,164.9,165.4,166.5319446,208971,1712,34800347,77213,36.95,4.5,-2.6
10-08-2018,166.1,168.7,163.55,166.5,166.0336919,405824,2857,67380457,90078,22.2,5.15,0.4
13-08-2018,168.6,168.6,160,160.65,163.8500598,867579,4832,142152871,247315,28.51,8.6,-7.95
14-08-2018,161,162.25,159.05,160.6,160.9430748,2461439,4448,396151561,2029569,82.45,3.2,-0.4
16-08-2018,161.1,161.85,158.35,158.55,159.3826925,376958,7519,60080581,142750,37.87,3.5,-2.55
17-08-2018,159,160,158.75,159.6,159.4772438,286032,2474,45615595,168655,58.96,1.25,0.6
20-08-2018,158.95,160.2,158.35,158.85,159.0053585,348789,2465,55459320,131892,37.81,1.85,-0.1
21-08-2018,159.2,159.75,157.6,157.8,158.4340294,398367,4770,63114889,182784,45.88,2.15,-1.4
23-08-2018,157.9,157.9,151.9,153.55,153.4511208,1595309,7241,244801954,1033301,64.77,6,-4.35
24-08-2018,153.9,155.25,151.6,154.25,153.8293355,415599,3741,63931318,140991,33.92,3.65,0.35
27-08-2018,155,156.5,155,156.05,155.7950972,302724,2152,47162915,124430,41.1,1.5,1.05
28-08-2018,157.4,157.4,154.85,155.6,156.1932713,256841,2285,40116836,105918,41.24,2.55,-1.8
29-08-2018,156.7,156.95,155.5,156.5,156.3715677,198992,2443,31116691,84270,42.35,1.45,-0.2
30-08-2018,156.4,156.4,154,154.6,154.801044,343855,2934,53229113,142857,41.55,2.4,-1.8
31-08-2018,154.8,156.2,153.05,155.65,154.9218366,349294,2552,54113268,113975,32.63,3.15,0.85
03-09-2018,157,157.05,154.1,155.15,155.8799226,227320,1933,35434624,93589,41.17,2.95,-1.85
04-09-2018,155,155,152.1,152.55,153.3989184,430677,3186,66065386,167832,38.97,2.9,-2.45
05-09-2018,153,153.65,150.2,152.8,151.3222423,555526,5080,84063440,189262,34.07,3.45,-0.2
06-09-2018,153.1,154.35,152,153.65,153.1972419,310431,2515,47557173,78283,25.22,2.35,0.55
07-09-2018,153.95,154.3,152.7,153.65,153.4935851,278572,2324,42759015,96184,34.53,1.6,-0.3
10-09-2018,154,154,150.45,150.55,150.8934466,841756,4073,127015464,515047,61.19,3.55,-3.45
11-09-2018,151.5,152.65,150.25,150.6,151.1810296,286699,2342,43343450,117769,41.08,2.4,-0.9
12-09-2018,150,150,145.65,149.25,147.7116567,1009460,5419,149109009,468456,46.41,4.35,-0.75
14-09-2018,151,156,151,155.1,153.7875953,437914,3409,67345741,169105,38.62,5,4.1
17-09-2018,154.1,158.65,153.1,156.5,156.7787562,528860,3749,82914013,144347,27.29,5.55,2.4
18-09-2018,157.1,157.75,152.05,152.6,154.6640117,238297,1892,36855970,71219,29.89,5.7,-4.5
19-09-2018,152.9,155.5,151.7,153.4,153.5364164,690540,2434,106023037,466702,67.59,3.8,0.5
21-09-2018,155.9,159.1,153.75,157.35,156.9900308,792039,5719,124342227,231369,29.21,5.35,1.45
24-09-2018,158.9,160.1,154,154.7,157.1225541,564567,4050,88706209,131617,23.31,6.1,-4.2
25-09-2018,152.8,154.95,151.2,153.55,152.770707,332496,2687,50795649,105443,31.71,3.75,0.75
26-09-2018,155.5,156,152.55,154.45,153.9891633,180774,1679,27837237,34725,19.21,3.45,-1.05
27-09-2018,155.9,155.9,152.05,152.65,152.9763809,245818,2267,37604348,63401,25.79,3.85,-3.25
28-09-2018,153.25,154.6,151.5,153.2,153.2065389,243557,2296,37314525,78000,32.03,3.1,-0.05
01-10-2018,153,154.9,150.05,153.8,151.9780025,439096,2656,66732933,165193,37.62,4.85,0.8
03-10-2018,151.8,158.5,150.4,157.5,156.4704529,583459,3253,91294094,225292,38.61,8.1,5.7
04-10-2018,158.9,158.9,128.5,140.85,146.6893468,906918,7873,133035209,355851,39.24,30.4,-18.05
05-10-2018,126.8,126.8,105.65,118.05,118.4337358,6844005,50609,810561080,1786959,26.11,21.15,-8.75
08-10-2018,121.1,125.8,117.7,124.7,122.7342324,2377521,21542,291803215,463966,19.51,8.1,3.6
09-10-2018,126.1,126.7,120.45,122.4,122.9888517,903545,9990,111125962,253460,28.05,6.25,-3.7
10-10-2018,123.5,128.3,122.2,124.3,124.8593427,822218,6901,102661599,194834,23.7,6.1,0.8
11-10-2018,124,134,120.5,131,128.912906,2525536,24078,325574185,559766,22.16,13.5,7
12-10-2018,135,136.7,132.95,133.6,134.203298,1615033,10908,216742755,439769,27.23,3.75,-1.4
15-10-2018,134.6,135.65,129.75,134.95,133.6940507,1267831,9982,169501462,417685,32.94,5.9,0.35
16-10-2018,136,136.9,133.35,135.5,135.1867858,706151,4939,95462284,113437,16.06,3.55,-0.5
17-10-2018,136.5,136.6,131.85,132.3,133.6935326,529009,3778,70725082,146902,27.77,4.75,-4.2
19-10-2018,134,134.9,131.8,133,133.3736096,621780,3893,82929043,142682,22.95,3.1,-1
22-10-2018,133.7,134.15,129.05,129.85,130.2960869,959394,5139,125005284,470713,49.06,5.1,-3.85
23-10-2018,129,131.1,125.2,130,128.0800616,1647593,6752,211023813,576606,35,5.9,1
24-10-2018,134.25,138.9,132.85,137.2,135.686569,2278945,9658,309222228,1071915,47.04,6.05,2.95
25-10-2018,136.6,140.1,135.5,138.7,138.4702998,2980539,10381,412716129,932125,31.27,4.6,2.1
26-10-2018,139.05,139.8,135.05,137.1,137.1893296,1613409,10438,221342499,477414,29.59,4.75,-1.95
29-10-2018,137.15,141.6,135.7,141.2,138.9605744,796842,4121,110729622,148892,18.69,5.9,4.05
30-10-2018,140.25,140.25,135.7,136.5,138.5313289,518451,3550,71821706,140768,27.15,4.55,-3.75
31-10-2018,137.4,138.65,135.1,138.05,137.4313197,883922,4553,121478567,332899,37.66,3.55,0.65
01-11-2018,139.25,142.9,139.25,141.35,141.3565416,1474257,7026,208395871,462365,31.36,3.65,2.1
02-11-2018,145.55,150.95,145.05,148.2,148.0335229,1547090,9577,229021183,227861,14.73,5.9,2.65
05-11-2018,147.1,147.1,139,140.05,141.1001822,1322900,6520,186661431,302389,22.86,8.1,-7.05
06-11-2018,140.8,141.35,136.45,136.9,137.5818612,892242,5311,122756315,292919,32.83,4.9,-3.9
07-11-2018,139.8,139.8,138.5,139.05,139.0985511,110156,1340,15322540,66199,60.1,1.3,-0.75
09-11-2018,141.1,142.65,140.2,141.75,141.7103249,552923,3433,78354898,117492,21.25,2.45,0.65
12-11-2018,141.9,141.9,134.35,135.25,138.171404,758868,4949,104853857,239348,31.54,7.55,-6.65
13-11-2018,136.9,142.1,136.5,141.3,140.0302628,1002087,6141,140322506,192033,19.16,5.6,4.4
14-11-2018,145.6,154.95,144.55,145.4,149.7526782,2005266,14596,300293954,284163,14.17,10.4,-0.2
15-11-2018,145.75,148.6,142.9,146.95,146.1704711,803544,4463,117454405,213639,26.59,5.7,1.2
16-11-2018,144.95,145.7,141.3,143.4,143.5658758,1685345,5646,241958031,609214,36.15,4.4,-1.55
19-11-2018,144,144.9,140,142.75,142.1928994,752361,4229,106980392,218959,29.1,4.9,-1.25
20-11-2018,144.2,144.95,138.2,139.1,141.3522058,1472378,5811,208123878,580289,39.41,6.75,-5.1
21-11-2018,145.5,148.4,141.1,141.55,143.5516988,1187813,7104,170512574,174639,14.7,7.3,-3.95
22-11-2018,142.3,142.7,138,138.3,139.3654072,697816,4166,97251411,232856,33.37,4.7,-4
26-11-2018,143,143.15,136.5,137.45,138.4855434,1298681,6889,179848544,207001,15.94,6.65,-5.55
27-11-2018,136.1,139.7,135.5,138.25,137.903969,1378024,5731,190034979,457638,33.21,4.2,2.15
28-11-2018,138.9,138.9,133.3,134,135.3423631,855466,4516,115780790,289355,33.82,5.6,-4.9
29-11-2018,136,136.45,132.1,134.8,134.1750244,1125049,6155,150953477,250105,22.23,4.35,-1.2
30-11-2018,135.7,135.95,132,133.6,133.2507412,1722314,7512,229499617,532230,30.9,3.95,-2.1
03-12-2018,133.5,134.25,132.3,132.95,133.1970906,1579730,5109,210415440,869296,55.03,1.95,-0.55
04-12-2018,133.15,136.1,132.3,135.2,134.806287,951325,4511,128244591,312542,32.85,3.8,2.05
05-12-2018,135.2,138.15,132.6,134.3,134.8625969,1198867,4876,161682317,389784,32.51,5.55,-0.9
06-12-2018,133,133,129.95,130.35,131.6185223,1696406,7227,223278451,592625,34.93,3.05,-2.65
07-12-2018,132.25,133.6,129,129.55,130.4124382,1700400,7276,221753310,509266,29.95,4.6,-2.7
10-12-2018,129.9,135.35,127.7,134,132.7174883,3452225,15875,458170631,805533,23.33,7.65,4.1
11-12-2018,133.5,134.15,129.95,132.3,132.0914084,1572218,11964,207676490,398836,25.37,4.2,-1.2
12-12-2018,133,137.05,131.95,136.45,134.6163163,1219958,6107,164226252,460816,37.77,5.1,3.45
13-12-2018,138.4,139.1,136.55,137.2,137.6247509,1467548,6709,201970928,484087,32.99,2.55,-1.2
14-12-2018,141.1,142.35,140.25,141.45,141.4157474,3234156,13978,457360588,1214445,37.55,2.1,0.35
17-12-2018,142.55,143,141.4,142.45,142.3579908,1744017,6966,248274756,821367,47.1,1.6,-0.1
18-12-2018,143.35,144.9,143.05,144.6,144.0308341,1535022,6582,221090499,744531,48.5,1.85,1.25
19-12-2018,147,147.75,145.8,146.05,146.324196,1035565,5578,151528216,458511,44.28,1.95,-0.95
20-12-2018,145.9,148.2,144.85,147.8,146.6224242,1093587,5341,160344377,451938,41.33,3.35,1.9
21-12-2018,141.6,142.9,139.2,139.7,140.5544597,1714900,8065,241036843,452563,26.39,3.7,-1.9
24-12-2018,140.5,140.9,134.4,135.05,136.8065711,885178,5189,121098167,315791,35.68,6.5,-5.45
26-12-2018,136.45,137.2,134.2,134.7,135.2217929,1470764,5548,198879345,589630,40.09,3,-1.75
27-12-2018,134.95,135.15,131.1,134.05,133.5479025,1409059,6582,188176874,415445,29.48,4.05,-0.9
28-12-2018,134.4,138.6,134.2,137.65,137.3925548,1824624,7196,250689753,562132,30.81,4.4,3.25
31-12-2018,138.2,138.95,136.65,137.1,137.894051,447272,2516,61676148,143579,32.1,2.3,-1.1
01-01-2019,137.35,138,136.4,137.65,137.0545383,316200,2128,43336645,104058,32.91,1.6,0.3
02-01-2019,137.1,138.1,134.15,137.2,136.6077767,761482,4147,104024363,157112,20.63,3.95,0.1
03-01-2019,137.1,137.1,132.05,132.5,133.4468121,1181040,6030,157606023,518911,43.94,5.05,-4.6
04-01-2019,133.35,134.9,132.5,133.6,133.7936525,816254,3767,109209604,285652,35,2.4,0.25
07-01-2019,134.8,134.8,132.5,133.4,133.4211346,558800,2492,74555730,250949,44.91,2.3,-1.4
08-01-2019,133.5,134.2,132.8,134,133.5591169,257676,1779,34414979,83198,32.29,1.4,0.5
09-01-2019,134.2,134.2,131.45,131.8,132.1834136,806538,4697,106610946,336768,41.75,2.75,-2.4
10-01-2019,131.4,131.65,129.4,129.7,130.073221,767225,4007,99795427,265323,34.58,2.25,-1.7
11-01-2019,130.1,131.45,130.1,130.95,131.0120502,577503,2723,75659852,293796,50.87,1.35,0.85
14-01-2019,132.7,133,131.05,132.15,131.8193675,335056,2101,44166870,112065,33.45,1.95,-0.55
15-01-2019,132.9,134.75,132.5,134.5,133.9834881,571407,2434,76559103,293602,51.38,2.25,1.6
16-01-2019,135,135.9,134.15,135.25,135.2145568,631017,2951,85322684,302809,47.99,1.75,0.25
17-01-2019,135.9,138,135.3,137.6,137.2935553,1089260,5363,149548378,430753,39.55,2.7,1.7
18-01-2019,137.85,138.6,137,137.4,137.5431846,709153,4169,97539162,326037,45.98,1.6,-0.45
21-01-2019,137.85,137.85,135.45,135.7,136.2482416,346485,1648,47207972,97531,28.15,2.4,-2.15
22-01-2019,135.8,137.4,135.55,136,136.3903372,257421,2020,35109737,82496,32.05,1.85,0.2
23-01-2019,136.5,136.85,135.15,135.95,135.9327949,224849,1649,30564353,101981,45.36,1.7,-0.55
24-01-2019,136.25,138.1,135.85,136.45,136.6318211,868738,2967,118697255,402306,46.31,2.25,0.2
25-01-2019,137,138.75,136.85,137.25,137.7399319,743682,2709,102434708,342112,46,1.9,0.25
28-01-2019,137.85,138.2,136.3,137.95,137.6697202,328255,1790,45190774,123331,37.57,1.9,0.1
29-01-2019,138,139.4,136.7,137.5,138.0854844,328247,1975,45326146,84492,25.74,2.7,-0.5
30-01-2019,137.35,138,132.7,134.65,135.0248175,1136375,5995,153438827,339162,29.85,5.3,-2.7
31-01-2019,133,138.3,132.1,137.15,136.3022192,1013248,5267,138107951,282744,27.9,6.2,4.15
01-02-2019,137.1,138.5,136.15,137.15,137.3264158,224358,1493,30810280,66816,29.78,2.35,0.05
04-02-2019,137,138.1,134.9,135.9,136.2355327,447560,2086,60973575,164015,36.65,3.2,-1.1
05-02-2019,136,136.05,133.3,133.5,134.0356404,347723,1532,46607275,127571,36.69,2.75,-2.5
06-02-2019,133.95,137.9,133.75,137.5,135.780336,197752,1293,26850833,69751,35.27,4.15,3.55
07-02-2019,137.6,138.2,136.7,137.55,137.6337982,387281,2012,53302955,219144,56.59,1.5,-0.05
08-02-2019,137.55,138.15,132.8,133.3,134.8531291,536015,2512,72283300,219665,40.98,5.35,-4.25
11-02-2019,133.8,136.2,130.7,135.1,134.5988949,941100,4522,126671020,336203,35.72,5.5,1.3
12-02-2019,137.3,137.95,133.7,134.5,135.3627084,1106495,7240,149778160,532199,48.1,4.25,-2.8
13-02-2019,134.65,135.3,129.4,130.1,131.9936693,1104466,6596,145782520,531821,48.15,5.9,-4.55
14-02-2019,129.9,129.9,123.6,124.65,125.2770607,1767663,9979,221447625,789556,44.67,6.3,-5.25
15-02-2019,126.9,126.9,121.05,125.5,124.982074,1094614,4012,136807128,541593,49.48,5.85,-1.4
18-02-2019,125.9,126.7,124.25,124.8,124.9893185,791743,3326,98959418,284816,35.97,2.45,-1.1
19-02-2019,125.1,128.05,124.95,125.7,126.4013797,420385,2598,53137244,118403,28.17,3.1,0.6
20-02-2019,126.5,129.95,125.95,128.9,127.7460968,788513,3896,100729458,321926,40.83,4,2.4
21-02-2019,129,131.6,128.15,131.15,130.2139962,470069,3755,61209563,190267,40.48,3.45,2.15
22-02-2019,131.7,137.45,131.7,136.2,135.8405965,1266214,8728,172003265,482074,38.07,5.75,4.5
25-02-2019,137.9,139,134.65,138.1,136.8777989,900254,5345,123224786,313968,34.88,4.35,0.2
26-02-2019,137.1,143.15,136.55,141.7,140.6443959,1322108,7128,185947081,524068,39.64,6.6,4.6
27-02-2019,143,144.15,139,140.9,141.255955,938962,5599,132633974,380489,40.52,5.15,-2.1
28-02-2019,141.5,146.8,141.5,144.8,143.9309063,991581,5038,142719152,387681,39.1,5.3,3.3
01-03-2019,144.8,148.5,143.45,147.7,146.1719025,655709,4296,95846232,258485,39.42,5.05,2.9
05-03-2019,146.95,154.25,146.8,153.7,152.2835894,878245,11330,133742301,345864,39.38,7.45,6.75
06-03-2019,155,157.15,153.7,154.75,155.6405507,613060,5349,95416996,138778,22.64,3.45,-0.25
07-03-2019,154.9,157,149.3,150.55,152.2941377,474679,3035,72290829,111813,23.56,7.7,-4.35
08-03-2019,150,150.35,144.8,148.65,146.7016536,758873,4388,111327924,101803,13.42,5.55,-1.35
11-03-2019,149.95,155.3,149.45,153.95,153.4390844,774366,4282,118818010,177017,22.86,5.85,4
12-03-2019,154.9,156.4,153,154,154.6410637,539586,2951,83442153,128943,23.9,3.4,-0.9
13-03-2019,152.95,152.95,147.05,148.9,148.9804514,774070,4773,115321298,161255,20.83,5.9,-4.05
14-03-2019,150,152.15,149.5,151.4,150.9385918,671490,3447,101353755,219015,32.62,2.65,1.4
15-03-2019,152.5,158.3,150.85,156.7,155.0383094,1267184,6241,196462065,274125,21.63,7.45,4.2
18-03-2019,159.55,165.85,158.15,162.9,162.9851407,1637363,9996,266865839,269966,16.49,7.7,3.35
19-03-2019,165.4,166,161.1,162.1,163.2743342,1276651,7005,208444342,334144,26.17,4.9,-3.3
20-03-2019,162.3,162.5,155.8,158.6,158.1783828,1124750,6144,177911136,305827,27.19,6.7,-3.7
22-03-2019,158.5,161.1,155,156.7,157.5314401,958554,4009,151002392,373390,38.95,6.1,-1.8
25-03-2019,156.7,165.25,156,164.1,161.1221609,1450071,8910,233638573,359054,24.76,9.25,7.4
26-03-2019,165,169.5,161.1,162.3,165.5024637,976192,6463,161562181,175652,17.99,8.4,-2.7
27-03-2019,161.05,163.7,160.5,161.4,161.7253342,579486,3614,93717567,147068,25.38,3.2,0.35
28-03-2019,161.6,164,160.6,161.65,162.255057,565701,2605,91787848,72378,12.79,3.4,0.05
29-03-2019,162.9,165.1,162.2,162.7,163.1590463,567011,2692,92512974,156938,27.68,2.9,-0.2
01-04-2019,163.7,163.7,157.05,159.4,159.078342,978619,5669,155677088,221609,22.65,6.65,-4.3
02-04-2019,158.9,159.85,157.25,158.2,158.5162916,351470,2162,55713721,69064,19.65,2.6,-0.7
03-04-2019,158.45,159.7,153.4,153.75,155.4083264,680561,4017,105764846,230853,33.92,6.3,-4.7
04-04-2019,154.5,156.05,153.1,154.9,154.4534942,633631,4399,97866522,156369,24.68,2.95,0.4
05-04-2019,155,158.95,155,158.15,157.5389952,466839,3330,73545347,126951,27.19,3.95,3.15
08-04-2019,155,157.3,151.3,152.05,154.0370275,809318,4823,124664939,233503,28.85,6,-2.95
09-04-2019,149.25,155.75,149,155.15,153.5166929,834908,5265,128172315,257379,30.83,6.75,5.9
10-04-2019,153.1,158.2,153.1,156.5,155.8130788,642169,3232,100058329,259771,40.45,5.1,3.4
11-04-2019,157.3,161.6,156.6,157.65,158.16234,1079734,6015,170773256,241392,22.36,5,0.35
12-04-2019,158.9,159.65,155,155.5,156.6401358,474379,2565,74306791,86595,18.25,4.65,-3.4
15-04-2019,156.9,157.75,153.4,154.3,154.5354557,334558,2267,51701073,72744,21.74,4.35,-2.6
16-04-2019,155.9,158.4,154.05,155.75,155.9058824,474300,2373,73946160,83196,17.54,4.35,-0.15
18-04-2019,157,157.9,154.15,156.15,156.0659592,346987,1801,54152859,95285,27.46,3.75,-0.85
22-04-2019,152.8,153,148.9,149.7,150.1459026,621216,3668,93273037,196998,31.71,4.1,-3.1
23-04-2019,149.5,150.9,147.1,149.65,148.925146,348064,2118,51835482,81260,23.35,3.8,0.15
24-04-2019,151.1,154.3,150.9,153.8,152.9317236,454872,3300,69564359,113560,24.97,3.4,2.7
25-04-2019,153.1,155.4,152.1,153,153.898056,649651,2625,99980026,231526,35.64,3.3,-0.1
26-04-2019,154,157,151.55,152.9,154.4772315,436876,2614,67487395,96869,22.17,5.45,-1.1
30-04-2019,154.05,158.9,153.7,157.8,156.0428493,612775,6011,95619157,216479,35.33,5.2,3.75
02-05-2019,158.5,160.45,156.15,158.05,158.162375,448468,2441,70930764,115593,25.78,4.3,-0.45
03-05-2019,160,160,155.55,156.15,157.2576613,922956,2245,145141902,86577,9.38,4.45,-3.85
06-05-2019,157,158.4,155.45,156.6,157.2112414,248422,1774,39054731,59546,23.97,2.95,-0.4
07-05-2019,156.6,156.6,152.25,153.5,153.5710182,270135,2030,41484907,53519,19.81,4.35,-3.1
08-05-2019,154,155,151.55,152.15,153.7372098,270851,1331,41639877,79477,29.34,3.45,-1.85
09-05-2019,152.95,152.95,150.05,150.55,151.1562954,254179,1500,38420756,79006,31.08,2.9,-2.4
10-05-2019,150.85,150.85,147.2,147.8,148.4409678,446375,2662,66260337,118274,26.5,3.65,-3.05
13-05-2019,148,148,142.3,142.85,144.6486978,398503,2575,57642940,116000,29.11,5.7,-5.15
14-05-2019,142.2,144.75,141.5,143.4,142.7880505,640247,2374,91419621,228416,35.68,3.25,1.2
15-05-2019,144,147.1,143.8,145.35,144.9973612,913663,4479,132478724,392807,42.99,3.3,1.35
16-05-2019,144.85,151.8,143.1,150.85,148.1024541,637983,3607,94486848,188686,29.58,8.7,6
17-05-2019,149.5,152.2,146.9,149.7,149.6850434,1381603,10381,206805305,202846,14.68,5.3,0.2
20-05-2019,154.95,158.8,152.5,157.45,156.3092282,1134806,4628,177380650,433494,38.2,6.3,2.5
21-05-2019,158.75,159.15,152.4,153.35,153.9857657,799336,3837,123086366,259212,32.43,6.75,-5.4
22-05-2019,155.95,156.75,152.3,155.6,155.3885717,850121,3818,132099088,356348,41.92,4.45,-0.35
23-05-2019,158.05,160.1,153.6,154.5,156.5427402,1686914,5151,264074140,549423,32.57,6.5,-3.55
24-05-2019,158.8,159.9,154.55,156.8,156.8564697,1082106,5168,169735327,197491,18.25,5.35,-2
27-05-2019,156.2,162.5,155.4,161.85,159.6703622,1015372,5382,162124815,341279,33.61,7.1,5.65
28-05-2019,161.85,164,160.1,163.45,162.5901612,607756,3909,98815146,193912,31.91,3.9,1.6
29-05-2019,164.85,164.9,159.45,160.5,161.0696056,460265,2514,74134702,147190,31.98,5.45,-4.35
30-05-2019,160.95,163.6,159.4,162.6,161.6834185,757909,3723,122541318,342887,45.24,4.2,1.65
31-05-2019,164.15,169,163,165.55,165.9802328,1481242,7848,245856892,318434,21.5,6,1.4
03-06-2019,167.15,170.4,167,169.15,168.8783242,951405,6685,160671682,289092,30.39,3.4,2
04-06-2019,170,170,165,165.3,166.8654968,427068,2200,71262914,107077,25.07,5,-4.7
06-06-2019,167.65,168.8,161.75,163.5,164.2198091,728696,14441,119666318,282207,38.73,7.05,-4.15
07-06-2019,162.35,164.5,161.7,164.15,163.6129679,457701,2232,74885819,184148,40.23,2.8,1.8
10-06-2019,164,164,159.2,160.65,160.8679433,291337,2063,46866784,66190,22.72,4.8,-3.35
11-06-2019,160.65,162.7,159.4,162.3,161.1783485,276027,2060,44489576,63997,23.18,3.3,1.65
12-06-2019,163.5,163.65,161.1,162.5,162.8568646,744016,1939,121168113,429503,57.73,2.55,-1
13-06-2019,162.85,163.75,158.65,160.9,160.9426553,651917,2407,104921253,247839,38.02,5.1,-1.95
14-06-2019,160.65,161.6,158.8,160.15,160.6077608,457713,2458,73512260,184932,40.4,2.8,-0.5
17-06-2019,159,159.5,154.6,155.6,156.570627,647677,2506,101407194,405483,62.61,4.9,-3.4
18-06-2019,154.9,158,153.9,157.6,156.5933246,278603,2411,43627370,68878,24.72,4.1,2.7
19-06-2019,157.8,157.8,152.9,154.45,154.7439725,302487,2492,46808040,65853,21.77,4.9,-3.35
20-06-2019,156,157.2,154.6,156.75,156.3099742,223767,1501,34977014,51717,23.11,2.6,0.75
21-06-2019,153.4,156.2,153.4,153.95,154.560854,208532,1426,32230884,52689,25.27,2.8,0.55
24-06-2019,153.35,153.6,150.95,152.1,151.8900147,239423,1504,36365963,60575,25.3,2.65,-1.25
25-06-2019,153,154.9,151.65,154.45,153.8498131,227450,1382,34993140,47903,21.06,3.25,1.45
26-06-2019,153.3,155.6,152.5,154.9,154.4236012,415988,1746,64238365,137899,33.15,3.1,1.6
27-06-2019,154.95,157.35,154.4,156.65,156.1478915,207943,1747,32469861,61106,29.39,2.95,1.7
28-06-2019,157.5,157.85,155.5,155.85,156.6798764,193191,1104,30269142,50640,26.21,2.35,-1.65
01-07-2019,156.1,156.1,149.4,151.65,152.8142796,672247,3472,102728941,299790,44.6,6.7,-4.45
02-07-2019,152.5,154.85,151.55,154.6,153.4351343,205247,1838,31492101,48712,23.73,3.3,2.1
03-07-2019,156,157.15,155.15,156.05,156.0528041,520149,1978,81170710,219142,42.13,2,0.05
04-07-2019,156.95,157.05,155.5,156.6,156.4493297,506510,1757,79243150,320444,63.26,1.55,-0.35
05-07-2019,156.6,157.35,149.1,152.2,152.0813883,729183,3792,110895163,131519,18.04,8.25,-4.4
08-07-2019,151,151.05,143.55,144.1,145.6228114,826902,4506,120415794,417976,50.55,7.5,-6.9
09-07-2019,144.1,155.4,144.1,151.75,149.8982303,1422693,6836,213259163,379984,26.71,11.3,7.65
10-07-2019,150.6,151.75,144.7,148.15,148.4427954,614907,6435,91278514,129476,21.06,7.05,-2.45
11-07-2019,147.1,148.8,145.75,147.8,147.2801843,474816,2621,69930988,88830,18.71,3.05,0.7
12-07-2019,147,147.8,144.45,146.6,146.6525678,513965,3205,75374287,128419,24.99,3.35,-0.4
15-07-2019,145.9,147.3,144.6,145.3,145.9351093,245582,1389,35839036,47701,19.42,2.7,-0.6
16-07-2019,146.15,148,145.55,147.05,146.6544466,430793,2039,63177709,178109,41.34,2.45,0.9
17-07-2019,148.7,149.2,145.8,146.85,146.9535539,314192,3138,46171631,97009,30.88,3.4,-1.85
18-07-2019,146.6,148.85,145.3,147.55,147.431975,267115,1548,39381292,50635,18.96,3.55,0.95
19-07-2019,148.2,149.9,144.7,146.5,146.9120821,373303,2142,54842721,61826,16.56,5.2,-1.7
22-07-2019,145,151.2,145,147.95,148.6695043,549992,2939,81767038,87090,15.83,6.2,2.95
23-07-2019,148,148.55,145.2,147.25,147.3667232,344835,1937,50817204,54815,15.9,3.35,-0.75
24-07-2019,147.45,148.8,145.05,148,146.8998513,498299,2813,73200049,69117,13.87,3.75,0.55
25-07-2019,148,148.1,145.4,146.7,146.5584408,345478,1730,50632717,48238,13.96,2.7,-1.3
26-07-2019,146.35,146.35,141.2,141.8,142.5242998,618524,3618,88154700,194665,31.47,5.15,-4.55
29-07-2019,142.35,142.35,136.5,138.35,139.1026718,535415,3084,74477657,135284,25.27,5.85,-4
30-07-2019,139,139,133.15,133.55,135.8945712,475999,2439,64685680,109093,22.92,5.85,-5.45
31-07-2019,132,140.3,132,139.3,136.8671716,807237,3975,110484245,95710,11.86,8.3,7.3
01-08-2019,138.25,142,135.15,137.05,138.1730234,330828,2065,45711505,59184,17.89,6.85,-1.2
02-08-2019,138.3,138.95,133.5,135.3,135.1426817,511425,2322,69115346,76274,14.91,5.45,-3
05-08-2019,134.65,134.65,131.25,132.25,132.7371409,288025,1976,38231615,55017,19.1,3.4,-2.4
06-08-2019,132.7,133.9,131.05,132.25,132.3640304,305686,1906,40461831,85506,27.97,2.85,-0.45
07-08-2019,133.15,133.5,128.55,129.05,130.8483667,7880169,3164,1031107243,7525332,95.5,4.95,-4.1
08-08-2019,130.2,131.15,127.7,130.8,129.5550327,364429,4083,47213611,72877,20,3.45,0.6
09-08-2019,130.9,131.3,129.15,130.55,130.3164809,353816,2077,46108056,60375,17.06,2.15,-0.35
13-08-2019,130.75,131.9,125.1,126,128.5888695,386128,2568,49651763,109195,28.28,6.8,-4.75
14-08-2019,127.4,128.35,124.3,126.45,126.6184472,327724,2223,41495904,70380,21.48,4.05,-0.95
16-08-2019,126.55,127.35,125.3,126.25,126.2404256,240407,1575,30349082,55683,23.16,2.05,-0.3
19-08-2019,127,127.45,125.4,125.85,126.0720816,251784,1611,31742933,74136,29.44,2.05,-1.15
20-08-2019,125.85,126,123.5,124.25,124.3151993,211463,1515,26288065,62745,29.67,2.5,-1.6
21-08-2019,124,124.15,120.4,121.1,122.4814718,370894,4029,45427643,148559,40.05,3.75,-2.9
22-08-2019,122,122,116.55,117.7,119.4120055,638091,2947,76195726,135507,21.24,5.45,-4.3
23-08-2019,117.7,124.15,116.1,122.85,120.4933863,424649,3963,51167396,77057,18.15,8.05,5.15
26-08-2019,123.75,126,119.75,125.5,123.3410506,472490,2662,58277413,95968,20.31,6.25,1.75
27-08-2019,126.9,127.9,125.1,125.75,126.255629,437689,2881,55260700,88064,20.12,2.8,-1.15
28-08-2019,125.05,126.8,121.8,122.95,123.7708644,381726,2187,47246557,98746,25.87,5,-2.1
29-08-2019,122.6,128,121.55,124.95,124.0530748,383327,2474,47552893,99709,26.01,6.45,2.35
30-08-2019,124.9,125,120,122.45,121.9761216,469587,3890,57278401,99575,21.2,5,-2.45
03-09-2019,119.4,119.4,116.7,117.3,118.0761361,629255,3760,74299999,166600,26.48,2.7,-2.1
04-09-2019,118.85,120.9,116.8,120.35,118.3572251,455749,3687,53941187,84033,18.44,4.1,1.5
05-09-2019,121.1,129.1,120.85,124.7,125.4039785,1180897,6919,148089182,150751,12.77,8.25,3.6
06-09-2019,125,127.55,123.55,126.85,125.4116284,520467,2658,65272614,83897,16.12,4,1.85
09-09-2019,127.4,127.8,125.5,126.65,126.7417265,400858,2083,50805435,92290,23.02,2.3,-0.75
11-09-2019,126.05,128.4,125.3,125.9,126.7179185,473427,3108,59991684,125123,26.43,3.1,-0.15
12-09-2019,126.95,129,124.05,124.45,126.3829614,692182,3411,87480011,162777,23.52,4.95,-2.5
13-09-2019,126.3,130.8,123.8,130.05,127.0423815,944328,4975,119969678,179639,19.02,7,3.75
16-09-2019,126.8,129.25,124.75,128.55,127.062214,1408896,6758,179017445,192932,13.69,4.5,1.75
17-09-2019,128,128.25,124.7,125.2,126.5528155,535629,2675,67785358,108877,20.33,3.55,-2.8
18-09-2019,127.3,128.7,125.4,128.55,127.7972814,1208720,4442,154471130,531597,43.98,3.3,1.25
19-09-2019,129.15,129.15,125.5,126.15,126.4453559,373764,2741,47260722,70058,18.74,3.65,-3
20-09-2019,126.15,136.45,123.55,132.55,130.9395702,1789797,10320,234355250,358431,20.03,12.9,6.4
23-09-2019,134.4,144.4,134.4,142.85,139.3266311,1670698,7811,232772724,401050,24,10,8.45
24-09-2019,142.65,142.65,137.05,138.55,139.4353151,955625,5075,133247873,190784,19.96,5.6,-4.1
25-09-2019,138.1,142.75,137,140.55,140.3715812,855681,5208,120113295,175903,20.56,5.75,2.45
26-09-2019,141.6,149.4,141.5,145.05,145.7686134,1752029,9274,255390838,322629,18.41,7.9,3.45
27-09-2019,146.4,147.65,144.2,145.35,145.9069978,883721,4458,128941078,172991,19.58,3.45,-1.05
30-09-2019,146.5,148,143.1,147.4,145.7425668,758189,3705,110500411,71800,9.47,4.9,0.9
01-10-2019,149.7,156,145.3,148.35,151.1282392,1552950,7458,234694599,183980,11.85,10.7,-1.35
03-10-2019,149.9,153.95,149.65,151.85,151.5873567,1128534,5335,171071486,122058,10.82,4.3,1.95
04-10-2019,153.45,153.8,147.35,150.95,150.2129179,709447,3965,106568104,95667,13.48,6.45,-2.5
07-10-2019,150.55,150.9,146.8,148.6,148.8482819,689865,2474,102685220,129127,18.72,4.1,-1.95
09-10-2019,147.8,150.05,147.1,148.15,148.7101616,406109,2091,60392535,66920,16.48,2.95,0.35
10-10-2019,148.75,149.7,146.65,148.1,148.1815604,347372,2046,51474125,61729,17.77,3.05,-0.65
11-10-2019,148,148.9,140.75,143.35,144.2924251,556033,2795,80231350,136468,24.54,8.15,-4.65
14-10-2019,144.35,147.35,144.1,144.8,145.699058,421852,2237,61463439,122126,28.95,3.25,0.45
15-10-2019,145.95,148.3,145.2,146.35,146.9493445,534611,4387,78560736,148076,27.7,3.1,0.4
16-10-2019,147.2,148.95,144.95,145.45,146.91203,1051608,3951,154493866,212804,20.24,4,-1.75
17-10-2019,145.6,146.8,143.8,146.45,145.5885685,369855,2410,53846660,120693,32.63,3,0.85
18-10-2019,147.65,148.1,144.8,145.6,146.6451843,492498,2262,72222460,112898,22.92,3.3,-2.05
22-10-2019,146.8,148.05,145.6,146.45,146.722797,355981,2220,52230528,70083,19.69,2.45,-0.35
23-10-2019,146.45,147.55,144.05,144.45,145.3391005,297372,2039,43219779,84428,28.39,3.5,-2
24-10-2019,144.95,144.95,141,141.25,142.1171007,301040,1731,42782932,75303,25.01,3.95,-3.7
25-10-2019,142,144.35,140.05,142.05,142.5780926,422908,4908,60297416,108316,25.61,4.3,0.05
27-10-2019,143.5,143.5,142.2,142.7,142.6573699,40014,673,5708292,22828,57.05,1.3,-0.8
29-10-2019,142.5,146.3,142.5,144.25,144.5038515,1596115,3126,230644765,1059735,66.39,3.8,1.75
30-10-2019,146.1,149,145.75,147.1,146.5576165,2238223,8552,328028628,1651232,73.77,3.25,1
31-10-2019,147.9,148.65,144,146.8,147.2434554,518095,5126,76286098,137648,26.57,4.65,-1.1
01-11-2019,141,144,140.3,142.65,142.3299848,1109654,6715,157937037,283977,25.59,3.7,1.65
04-11-2019,142.65,142.75,138.1,138.7,140.3339378,518375,4454,72745605,224107,43.23,4.65,-3.95
05-11-2019,138.9,139.5,136.2,137,137.2367179,802073,4188,110073866,463652,57.81,3.3,-1.9
06-11-2019,137.1,138,135.3,135.55,136.1571396,689737,2240,93912617,151986,22.04,2.7,-1.55
07-11-2019,136.5,136.5,135.15,135.85,135.8207827,322441,1628,43794189,92384,28.65,1.35,-0.65
08-11-2019,135.85,136,133.65,134.05,134.7377056,621622,2186,83755922,130447,20.98,2.35,-1.8
11-11-2019,134.9,135.9,133.75,135.6,134.9850238,244988,1658,33069711,52383,21.38,2.15,0.7
13-11-2019,135.6,135.65,133.2,133.85,134.2124528,192118,1201,25784628,70761,36.83,2.45,-1.75
14-11-2019,134,140.1,131.4,136.95,135.7150673,1053884,5054,143027938,167452,15.89,8.7,2.95
15-11-2019,136.8,136.8,131.25,131.7,132.8839296,601471,3846,79925830,272875,45.37,5.55,-5.1
18-11-2019,132,133.2,131.25,132.5,132.4309457,780857,2343,103409631,116171,14.88,1.95,0.5
19-11-2019,132,133.55,131.8,133,132.5345653,263270,2161,34892375,97140,36.9,1.75,1
20-11-2019,134,134.4,129.85,130.9,132.0837367,956271,6205,126307847,237732,24.86,4.55,-3.1
21-11-2019,131.05,131.75,128.35,128.9,130.0121335,378044,3268,49150307,159031,42.07,3.4,-2.15
22-11-2019,129.2,130.4,128.45,129.75,129.7478949,418040,2339,54239810,109621,26.22,1.95,0.55
25-11-2019,129.75,131.7,129.25,130.85,130.746165,279465,1768,36538977,102047,36.52,2.45,1.1
26-11-2019,131,132.7,128.85,129.3,131.6617993,614091,2633,80852326,78419,12.77,3.85,-1.7
27-11-2019,129.5,131.4,129.1,131,130.327838,473127,2231,61661619,108025,22.83,2.3,1.5
28-11-2019,131,132.85,130.25,132.55,131.8610708,460724,2410,60751560,98392,21.36,2.6,1.55
29-11-2019,132,133.7,130.7,131.25,132.0136261,295021,1719,38946792,107396,36.4,3,-0.75
02-12-2019,131.75,131.75,128.05,128.6,129.4736196,282539,2589,36581347,99177,35.1,3.7,-3.15
03-12-2019,129,129.45,127.7,128.5,128.4338395,199802,2713,25661338,55568,27.81,1.75,-0.5
04-12-2019,128,129.4,126.5,126.9,127.8222062,279273,2243,35697291,110175,39.45,2.9,-1.1
05-12-2019,126.55,128.95,125.8,126,127.3154841,462654,3155,58903018,147176,31.81,3.15,-0.55
06-12-2019,126,126.8,123.85,124.25,124.918483,306795,2769,38324366,119305,38.89,2.95,-1.75
09-12-2019,124,126.4,124,125.45,125.4546014,254953,1934,31985027,84781,33.25,2.4,1.45
10-12-2019,125.5,126.5,121.8,122.55,124.3955925,228700,2209,28449272,96155,42.04,4.7,-2.95
11-12-2019,122.95,126.75,122.75,125.65,123.8032561,461107,2988,57086548,114404,24.81,4,2.7
12-12-2019,126.7,128.3,125.4,128.15,126.7621797,423757,1958,53716361,64873,15.31,2.9,1.45
13-12-2019,128,129.65,127.65,128.2,128.4586122,228461,2577,29347783,52317,22.9,2,0.2
16-12-2019,128.25,128.25,125.9,126.2,126.6683718,1263424,1359,160035861,1124271,88.99,2.35,-2.05
17-12-2019,125.9,126.7,125,125.75,126.004715,244325,1498,30786102,43321,17.73,1.7,-0.15
18-12-2019,125.05,126.35,124.6,126.05,125.5339758,135420,1338,16999811,40189,29.68,1.75,1
19-12-2019,126,127.75,125.5,127.45,126.7759649,142067,1175,18010681,32428,22.83,2.25,1.45
20-12-2019,127.5,129.05,126.95,127.45,128.131405,179468,1066,22995487,38265,21.32,2.1,-0.05
23-12-2019,127.5,129.05,126.1,126.4,127.5288435,264080,1911,33677817,72148,27.32,2.95,-1.1
24-12-2019,126.75,128.5,126.3,127.45,127.6138348,212624,1640,27133764,50519,23.76,2.2,0.7
26-12-2019,127,127.45,124.7,125.2,125.3674064,337520,2083,42314007,84176,24.94,2.75,-1.8
27-12-2019,125.9,127.6,125.05,127.35,126.6213133,244458,1456,30953593,48406,19.8,2.55,1.45
30-12-2019,127.2,127.55,126.15,126.5,126.7952952,137051,1295,17377422,37210,27.15,1.4,-0.7
31-12-2019,127,127.5,125.1,125.65,126.2262696,204990,1457,25875123,98477,48.04,2.4,-1.35
01-01-2020,125.95,126.8,125.7,125.9,126.1573354,106791,803,13472468,33798,31.65,1.1,-0.05
02-01-2020,126.45,127.2,126,127,126.7285189,151086,1446,19146905,42210,27.94,1.2,0.55
03-01-2020,126.85,127.3,126.2,126.95,126.803989,310401,2764,39360085,56983,18.36,1.1,0.1
06-01-2020,126.05,126.5,124.5,125.05,125.1515609,723432,2453,90538644,84885,11.73,2,-1
07-01-2020,125.5,127.35,124.15,124.65,125.7592113,378556,2425,47606904,61438,16.23,3.2,-0.85
08-01-2020,123,123.9,121.55,121.85,122.5094178,656259,2623,80397908,130207,19.84,2.35,-1.15
09-01-2020,124.95,125.5,123,124.45,124.2604612,282687,2017,35126817,66078,23.37,2.5,-0.5
10-01-2020,125.05,125.7,124.1,125.4,124.9853319,225660,2055,28204190,54715,24.25,1.6,0.35
13-01-2020,125.4,127.6,125.4,126.95,126.7268365,237594,2036,30109536,69891,29.42,2.2,1.55
14-01-2020,127.3,128.25,126.65,126.9,127.4145707,154900,1347,19736517,53285,34.4,1.6,-0.4
15-01-2020,127,127,125.05,125.65,125.7718033,151124,1758,19007138,54693,36.19,1.95,-1.35
16-01-2020,126,126.2,124,124.2,124.6679785,329569,3828,41086701,140726,42.7,2.2,-1.8
17-01-2020,124.5,124.5,122.35,122.65,122.9795988,276553,2990,34010377,162940,58.92,2.15,-1.85
20-01-2020,119.5,119.7,113.75,117.5,117.3495338,1492222,10464,175111556,505159,33.85,5.95,-2
21-01-2020,118.2,118.55,114.25,114.85,115.6946938,1117714,8104,129313579,467958,41.87,4.3,-3.35
22-01-2020,117,117,112.3,113.85,114.3601755,1836660,14059,210040760,448013,24.39,4.7,-3.15
23-01-2020,115,120.9,115,118.95,118.826356,2371369,17770,281781137,557419,23.51,5.9,3.95
24-01-2020,121.1,121.7,119,119.45,120.1814141,760597,6046,91409623,176250,23.17,2.7,-1.65
27-01-2020,120,120.3,117.05,117.4,118.4918839,467649,4363,55412611,208191,44.52,3.25,-2.6
28-01-2020,118.3,119.55,116.4,117.95,118.120531,538343,3786,63589361,102435,19.03,3.15,-0.35
29-01-2020,118.8,119.9,117.9,118.3,119.0221154,470893,3069,56046681,91611,19.45,2,-0.5
30-01-2020,120,120.2,116.2,117.15,118.2435299,986959,8328,116701516,448481,45.44,4,-2.85
31-01-2020,118.7,118.8,112.65,113.45,113.9117657,1563134,10730,178059354,732979,46.89,6.15,-5.25
01-02-2020,113.8,114.9,108.25,108.9,111.6419417,994162,10095,110990176,505025,50.8,6.65,-4.9
03-02-2020,110,112.5,107.55,108.05,109.8354933,915853,7149,100593166,346815,37.87,4.95,-1.95
04-02-2020,110,114.2,109.5,113.85,111.8757792,945510,7505,105779668,218026,23.06,4.7,3.85
05-02-2020,114.8,115.85,113.95,114.7,114.9210098,533028,4442,61256116,138190,25.93,1.9,-0.1
06-02-2020,115.5,117.45,115.15,117,116.631994,366350,2445,42728131,122666,33.48,2.3,1.5
07-02-2020,117.5,117.75,115,117.45,116.4802843,358446,2091,41751892,85460,23.84,2.75,-0.05
10-02-2020,117.3,118.3,115.35,115.9,116.87376,314813,2330,36793379,70768,22.48,2.95,-1.4
11-02-2020,115.95,117.35,115.7,116.05,116.4922466,219000,1475,25511802,56298,25.71,1.65,0.1
12-02-2020,116.05,117,114.65,115.05,115.3480557,290034,1658,33454858,106561,36.74,2.35,-1
13-02-2020,115,115.7,114.25,114.8,114.8582354,154552,1307,17751570,52352,33.87,1.45,-0.2
14-02-2020,114.8,115.65,113.85,115.15,115.0314814,310183,3262,35680810,94862,30.58,1.8,0.35
17-02-2020,115.7,115.7,111.3,111.75,112.18374,302128,1944,33893849,79333,26.26,4.4,-3.95
18-02-2020,111.75,115.1,110.45,112.7,112.7439293,519376,3838,58556491,114457,22.04,4.65,0.95
19-02-2020,113.25,114.45,112.65,114.15,113.6760314,212144,2044,24115688,63221,29.8,1.8,0.9
20-02-2020,114.15,114.4,112,112.3,113.0286347,198780,1823,22467832,85245,42.88,2.4,-1.85
24-02-2020,112.35,113.15,110.05,110.5,111.7751322,391759,2439,43788914,215949,55.12,3.1,-1.85
25-02-2020,111.7,112.9,110.1,110.5,111.5646675,336042,2541,37490414,89752,26.71,2.8,-1.2
26-02-2020,110.5,111.3,108,108.4,109.3412064,291967,2324,31924024,106768,36.57,3.3,-2.1
27-02-2020,108.6,108.6,105.05,105.65,106.3606989,612242,4376,65118487,198665,32.45,3.55,-2.95
28-02-2020,104.7,107.35,101,105.65,103.7426948,615965,5047,63901869,203646,33.06,6.35,0.95
02-03-2020,108,112,103.2,104,107.1562659,649809,4551,69631106,223264,34.36,8.8,-4
03-03-2020,106.3,107.7,104.3,106.7,106.180958,400452,3052,42520377,106039,26.48,3.4,0.4
04-03-2020,107.05,108.75,105.65,106.65,107.1149409,313883,2730,33621559,88035,28.05,3.1,-0.4
05-03-2020,107,108.35,104.45,104.85,106.2459208,317216,3408,33702906,104395,32.91,3.9,-2.15
06-03-2020,103,103,99.5,100.8,100.3150608,945573,6465,94855213,478013,50.55,3.5,-2.2
09-03-2020,102.2,105.25,98.05,99.45,102.2002374,1577807,9428,161252250,528138,33.47,7.2,-2.75
11-03-2020,100.95,100.95,95.1,97.05,96.85143428,1031355,5366,99888211,553705,53.69,5.85,-3.9
12-03-2020,93.9,93.9,87.1,87.75,90.22111592,1151889,7195,103924711,451619,39.21,6.8,-6.15
13-03-2020,82.5,93.2,77,92.2,90.75970729,7462332,9236,677279068,6308768,84.54,16.2,9.7
16-03-2020,91.8,92.55,87.65,89.75,90.45826646,983190,5146,88937663,471656,47.97,4.9,-2.05
17-03-2020,90.05,93.45,89,89.45,91.65353833,696712,3854,63856120,165884,23.81,4.45,-0.6
18-03-2020,91,91.3,86.55,88.05,88.34773333,658102,4648,58141820,279563,42.48,4.75,-2.95
19-03-2020,84.95,90.7,82.5,87.95,87.32973197,963710,5253,84160536,192047,19.93,8.2,3
20-03-2020,90,92.95,88.3,90.6,90.55900791,935400,4363,84708896,261580,27.96,4.65,0.6
23-03-2020,82.9,86,79.3,80.85,82.41755652,638213,4780,52599956,205194,32.15,6.7,-2.05
24-03-2020,86.95,86.95,77.7,79.7,79.64247604,576711,3803,45930692,170086,29.49,9.25,-7.25
25-03-2020,78.8,80.85,77.05,77.95,78.54065691,539072,3065,42339069,197762,36.69,3.8,-0.85
26-03-2020,77.95,78.55,74.65,78.05,77.0665698,979393,4688,75478459,270552,27.62,3.9,0.1
27-03-2020,78,80.2,76.1,76.95,77.50213548,728409,3913,56453253,254243,34.9,4.1,-1.05
30-03-2020,76,78.3,74.55,76.55,76.55667607,6365808,2428,487345101,108581,1.71,3.75,0.55
31-03-2020,77.3,82.5,77.1,81.65,80.78934238,808905,4123,65350903,181960,22.49,5.4,4.35
01-04-2020,82,82.15,78,79,79.73068268,519042,3855,41383573,185460,35.73,4.15,-3
03-04-2020,79.1,82.05,76.7,79.45,79.1933981,1039912,4991,82354165,232158,22.32,5.35,0.35
07-04-2020,80.1,83.65,80,83,82.2830682,745739,3363,61361693,184993,24.81,3.65,2.9
08-04-2020,83.7,86,81.4,81.85,83.67637561,963373,4449,80611561,229421,23.81,4.6,-1.85
09-04-2020,82.9,84.2,81.9,83.4,83.17815984,650792,3097,54131681,183308,28.17,2.3,0.5
13-04-2020,85,85,81.7,83.15,83.01149217,424985,2443,35278639,113631,26.74,3.3,-1.85
15-04-2020,84,86.3,82.85,83.2,84.8931999,535889,3637,45493332,158222,29.53,3.45,-0.8
16-04-2020,84.9,85.75,82.8,84.75,84.64409898,377206,2713,31928262,101664,26.95,2.95,-0.15
17-04-2020,86,86.85,85,86,85.94972849,411585,2998,35375619,161856,39.32,1.85,0
20-04-2020,87.1,89.6,85.75,87.6,88.16945163,832745,5174,73422670,306632,36.82,3.85,0.5
21-04-2020,87,87,82.5,82.95,84.25435324,615978,4254,51898828,269332,43.72,4.5,-4.05
22-04-2020,83,83.8,79.2,83.1,81.40792122,590212,3367,48047932,164376,27.85,4.6,0.1
23-04-2020,83.8,85,82.85,83.15,83.96310662,419208,2231,35198006,163984,39.12,2.15,-0.65
24-04-2020,83.1,84.35,81.15,81.45,82.9432243,509549,3015,42263637,143602,28.18,3.2,-1.65
27-04-2020,82.7,83.05,81.25,81.5,82.33151976,337271,2120,27768034,153406,45.48,1.8,-1.2
28-04-2020,82.35,82.4,79.35,79.7,80.513182,681308,3520,54854275,340674,50,3.05,-2.65
29-04-2020,80.15,81.15,80,80.55,80.61134554,318980,2411,25713407,143082,44.86,1.15,0.4
30-04-2020,81.95,84.6,81.4,84.25,83.28000008,1064564,4262,88656890,608473,57.16,3.2,2.3
04-05-2020,84,84,79.6,79.8,80.47792383,630046,3964,50704794,376897,59.82,4.4,-4.2
05-05-2020,81.3,82.1,78.4,78.75,80.34719947,601850,3256,48356962,274314,45.58,3.7,-2.55
06-05-2020,77,77.3,72.85,76.6,75.6313415,1270954,7331,96123956,447634,35.22,4.45,-0.4
07-05-2020,76.8,77,75.55,75.8,76.05771051,546209,3042,41543406,227092,41.58,1.45,-1
08-05-2020,76.15,77.05,74.1,74.35,75.059918,615825,4056,46223774,293308,47.63,2.95,-1.8
11-05-2020,75.95,76.3,74.85,75.35,75.39150998,461365,2579,34783004,144621,31.35,1.45,-0.6
12-05-2020,76,76.7,74.6,74.9,75.37167818,626464,3480,47217643,245733,39.23,2.1,-1.1
13-05-2020,77.5,77.9,75.75,76.05,76.22899177,738782,3293,56316607,344897,46.68,2.15,-1.45
14-05-2020,75.1,76.5,75,75.15,75.54390658,464304,2255,35075338,262597,56.56,1.5,0.05
15-05-2020,76,76.35,75.2,75.5,75.89719072,661594,2777,50213126,238796,36.09,1.15,-0.5
18-05-2020,75.85,75.85,71.15,71.55,72.50359496,1042014,8405,75549761,519751,49.88,4.7,-4.3
19-05-2020,72.6,73.45,71.8,72.1,72.5868007,741630,3569,53832549,224046,30.21,1.65,-0.5
20-05-2020,72.6,74.5,72,74.1,73.53771749,552794,3043,40651209,152614,27.61,2.5,1.5
21-05-2020,74.4,74.85,73.05,74.45,74.13921614,480598,3205,35631159,150377,31.29,1.8,0.05
22-05-2020,74.5,75.85,72.8,75.45,74.85703223,809686,3706,60610691,221292,27.33,3.05,0.95
26-05-2020,76.5,77.8,76.35,77.15,77.25178801,994821,4715,76851701,439547,44.18,1.45,0.65
27-05-2020,77.15,77.9,76,77.6,76.72837815,597139,3084,45817507,235426,39.43,1.9,0.45
28-05-2020,77.1,78.8,77.1,77.7,77.94720979,483404,2364,37679993,154774,32.02,1.7,0.6
29-05-2020,78,84.75,77.25,83.3,80.99925864,1652364,6392,133840259,490203,29.67,7.5,5.3
01-06-2020,85.05,87.25,84.55,86.1,85.99953925,1762329,7902,151559482,408858,23.2,2.7,1.05
02-06-2020,86.25,86.95,84.75,85.75,85.66788191,1063432,4920,91101967,292285,27.48,2.2,-0.5
03-06-2020,86.7,88.95,86.25,87,87.71845075,1280902,5123,112358739,310258,24.22,2.7,0.3
04-06-2020,86.3,86.6,84.1,85.85,85.34433292,1615030,5338,137833658,294679,18.25,2.5,-0.45
05-06-2020,86.5,90,86.25,89.45,88.65142874,1654468,5803,146670952,378216,22.86,3.75,2.95
08-06-2020,92,96.25,92,93.1,93.69746929,4521303,11320,423634649,701143,15.51,4.25,1.1
09-06-2020,93.65,93.65,90.1,90.6,91.72285696,807251,3624,74043368,237125,29.37,3.55,-3.05
10-06-2020,91,92.05,89.1,90.05,90.11792248,1051869,3450,94792249,196670,18.7,2.95,-0.95
11-06-2020,90.45,93.4,87.9,88.3,90.42253823,2095311,6660,189463339,505828,24.14,5.5,-2.15
12-06-2020,85.6,88.55,85.1,88.35,87.4181654,3521133,6169,307810987,211358,6,3.45,2.75
15-06-2020,87.85,88.25,86,86.2,86.93807948,2319974,6088,201694084,264311,11.39,2.25,-1.65
16-06-2020,87.5,88.25,83.8,84.8,85.98089513,1030575,6846,88609761,337610,32.76,4.45,-2.7
17-06-2020,84,85.9,83.95,84.35,84.88487479,453845,2005,38524576,130881,28.84,1.95,0.35
18-06-2020,84.35,85.5,83.75,84.85,84.55708352,1853372,5349,156715731,828051,44.68,1.75,0.5
19-06-2020,85.55,86.1,84.65,85.25,85.25568077,996344,5148,84943986,367234,36.86,1.45,-0.3
22-06-2020,86.3,88.3,85.5,88.05,87.21060692,918721,3787,80122216,277541,30.21,2.8,1.75
23-06-2020,88.3,90.5,88.15,89.35,89.332411,1389235,7310,124103712,469347,33.78,2.35,1.05
24-06-2020,90.05,90.5,86.05,87,88.82053823,2568809,10343,228162998,588772,22.92,4.45,-3.05
25-06-2020,85.45,88.15,84.7,85.05,85.9773546,1175603,5154,101075236,284655,24.21,3.45,-0.4
26-06-2020,86,89.95,85.5,89.1,88.60632602,3040775,13648,269431901,1236327,40.66,4.45,3.1
29-06-2020,89.55,90.7,86.55,87.05,88.19425662,946202,3869,83449582,230757,24.39,4.15,-2.5
30-06-2020,88.9,88.9,84.8,85.35,86.16272595,688495,3135,59322606,233139,33.86,4.1,-3.55
01-07-2020,85.3,86.15,84.3,85.65,85.25234388,1215290,5537,103606321,278760,22.94,1.85,0.35
02-07-2020,86.05,89,85.95,88.4,87.88360758,2036636,8547,178986919,768309,37.72,3.05,2.35
03-07-2020,88.55,89.1,87.15,87.85,87.86663368,897198,4547,78833768,250740,27.95,1.95,-0.7
06-07-2020,88.4,89.3,87,87.95,88.35210436,601015,2356,53100940,185782,30.91,2.3,-0.45
07-07-2020,88,88.25,85.95,86.15,86.52195748,579438,2739,50134110,233237,40.25,2.3,-1.85
08-07-2020,86.7,88.8,86.05,86.9,87.23752304,699970,2668,61063649,164608,23.52,2.75,0.2
09-07-2020,87.4,88.45,86.1,86.5,87.10301056,708141,2271,61681213,170920,24.14,2.35,-0.9
10-07-2020,86.5,86.6,85.4,86.15,86.01364439,417754,1641,35932544,130934,31.34,1.2,-0.35
13-07-2020,86.7,87.8,86.25,87.45,87.35722986,3260027,5218,284786928,2539902,77.91,1.55,0.75
14-07-2020,86.45,87.8,85.85,86.35,86.48886706,1439737,5009,124521222,725858,50.42,1.95,-0.1
15-07-2020,86.5,86.85,85.15,85.95,85.8951951,1474807,3065,126678835,1003995,68.08,1.7,-0.55
16-07-2020,85.95,85.95,82.5,84.25,83.63274548,1143877,7041,95665574,280496,24.52,3.45,-1.7
17-07-2020,84.25,87.65,83.55,86.9,86.1038018,1722340,4925,148300022,250549,14.55,4.1,2.65
20-07-2020,87,88.5,86.15,88.3,87.81007488,1378101,6484,121011152,598356,43.42,2.35,1.3
21-07-2020,88.3,94.65,87.75,93.4,92.5238728,3470791,11947,321131025,798567,23.01,6.9,5.1
22-07-2020,93.7,94.2,91.5,92.05,92.92806526,1449981,5214,134743929,262075,18.07,2.7,-1.65
23-07-2020,92.05,95.45,91.3,94.3,94.35206191,2278105,11342,214943904,723370,31.75,4.15,2.25
24-07-2020,93.5,94.6,91.85,92.75,93.00546348,782468,2828,72773799,148251,18.95,2.75,-0.75
27-07-2020,93.8,95.65,91.45,93.6,94.20963667,2411849,6965,227219418,307083,12.73,4.2,-0.2
28-07-2020,93.9,95.2,92.65,93.3,93.97420632,798374,2897,75026563,182046,22.8,2.55,-0.6
29-07-2020,93,93.65,92.1,92.55,92.81978283,542440,2046,50349163,120888,22.29,1.55,-0.45
30-07-2020,92.35,92.35,87.7,88.55,89.62960063,3624558,8722,324867686,2422496,66.84,4.65,-3.8
31-07-2020,88.65,89.85,87.25,88.55,88.69830408,2788924,5659,247372829,1605280,57.56,2.6,-0.1
03-08-2020,88.05,88.9,85.35,86.2,86.84985621,1197239,7173,103980035,326275,27.25,3.55,-1.85
04-08-2020,86.35,87.4,85.85,87,86.97096017,2647226,3983,230231787,2017403,76.21,1.55,0.65
05-08-2020,87.15,87.95,86.4,86.65,87.20301334,717012,4193,62525607,197472,27.54,1.55,-0.5
06-08-2020,86.75,88.2,86.35,87.2,87.43399512,1439583,4157,125868493,662980,46.05,1.85,0.45
07-08-2020,87.15,88.45,85.75,86.45,86.50619622,2245805,3936,194276048,1698057,75.61,2.7,-0.7
10-08-2020,86.5,87.7,86.25,87.1,87.10943844,1732627,6007,150928165,387240,22.35,1.45,0.6
11-08-2020,87.5,88.2,86.9,87.05,87.3294709,630259,2121,55040185,164807,26.15,1.3,-0.45
12-08-2020,87.4,87.4,85.75,85.9,86.13159652,931704,3330,80249153,407100,43.69,1.65,-1.5
13-08-2020,86.5,87,85.95,86.8,86.50586708,1051972,5287,91001750,586631,55.76,1.05,0.3
14-08-2020,87,87.5,84.6,84.85,85.87927329,1004699,3355,86282820,461931,45.98,2.9,-2.15
17-08-2020,85.05,87.7,85.05,87.5,86.6633987,1685145,6615,146040393,931961,55.3,2.65,2.45
18-08-2020,87.35,87.8,86.6,87.05,87.28312736,1657233,2985,144648479,1145561,69.12,1.2,-0.3
19-08-2020,87.1,89,87.05,88,88.17681458,1531005,6928,134999144,738041,48.21,1.95,0.9
20-08-2020,88.4,89.65,87.1,89,88.75488621,1537694,4332,136477856,352022,22.89,2.55,0.6
21-08-2020,89.85,90.45,88.6,88.85,89.5907768,728402,3336,65258101,260910,35.82,1.85,-1
24-08-2020,89,89.4,88.1,88.4,88.65794429,1422777,4893,126140484,761988,53.56,1.3,-0.6
25-08-2020,88.4,89,87.4,88.3,88.17782838,1747522,6161,154092695,440941,25.23,1.6,-0.1
26-08-2020,88.95,88.95,87.6,87.95,88.0722908,521076,2056,45892357,245610,47.14,1.35,-1
27-08-2020,88,88.4,87.1,87.25,87.59585734,1345270,6947,117840079,857995,63.78,1.3,-0.75
28-08-2020,87.4,88.95,87.4,87.8,88.22415949,1237079,5949,109140255,513578,41.52,1.55,0.4
31-08-2020,88.4,91.75,85.5,85.8,88.89805517,4618969,19676,410617361,1376094,29.79,6.25,-2.6
01-09-2020,86,86.6,83.55,84.75,84.76521545,918310,3833,77840745,293312,31.94,3.05,-1.25
02-09-2020,85.5,85.6,84.55,85.35,84.99988722,735941,3852,62554902,231855,31.5,1.05,-0.15
03-09-2020,85.8,86.6,84.45,85.05,85.0953295,811134,5114,69023715,256395,31.61,2.15,-0.75
04-09-2020,84,84.85,83.5,83.95,84.18079928,382142,2052,32169019,156180,40.87,1.35,-0.05
07-09-2020,84.95,84.95,81.8,83.75,83.25238139,1462695,6163,121772842,707032,48.34,3.15,-1.2
08-09-2020,84,84.4,82.55,82.75,83.66012838,500080,1963,41836757,132677,26.53,1.85,-1.25
09-09-2020,82.75,82.9,79.35,80.55,80.56171746,806911,3807,65006136,312386,38.71,3.55,-2.2
10-09-2020,81.25,83.9,80.7,83.6,82.57696171,964681,3516,79660426,166006,17.21,3.2,2.35
11-09-2020,83.45,83.95,82.05,83.1,82.83940848,1584187,5085,131233114,914308,57.71,1.9,-0.35
14-09-2020,83.5,83.8,82.4,82.6,83.0970662,604711,3849,50249710,187570,31.02,1.4,-0.9
15-09-2020,82.5,83.4,81.85,82.2,82.47461705,391503,1496,32289060,93756,23.95,1.55,-0.3
16-09-2020,82.2,82.95,81.55,82.65,82.33473948,818547,2124,67394854,547888,66.93,1.4,0.45
17-09-2020,82.7,82.8,81.45,81.8,82.13294365,328816,1414,27006626,100604,30.6,1.35,-0.9
18-09-2020,82.9,82.9,80.3,80.65,81.44627356,415987,2450,33880591,202486,48.68,2.6,-2.25
21-09-2020,81.1,81.1,77,77.65,78.70389909,785722,3770,61839385,345319,43.95,4.1,-3.45
22-09-2020,78.55,78.55,75.45,76.15,76.29112093,660351,2806,50378918,204468,30.96,3.1,-2.4
23-09-2020,76.9,77,75.35,76,75.93182677,2323434,6376,176422588,1672662,71.99,1.65,-0.9
24-09-2020,75,75.5,71.35,71.95,73.11605671,1565769,11520,114482855,698164,44.59,4.15,-3.05
25-09-2020,72,74.4,71.9,74.15,73.22785578,1403357,4101,102764824,490603,34.96,2.5,2.15
28-09-2020,75,76.55,74.35,75.65,75.64092235,902128,4749,68237794,239647,26.56,2.2,0.65
29-09-2020,76,76.2,74.1,74.9,75.07526217,870610,2407,65361274,588832,67.63,2.1,-1.1
30-09-2020,74.85,75.45,73.05,73.95,73.86060794,1022734,4842,75539755,236434,23.12,2.4,-0.9
01-10-2020,74.4,75,73.45,74.15,74.29981433,1484382,4876,110289307,901685,60.74,1.55,-0.25
05-10-2020,74.1,76.1,73.8,75.45,74.79315965,1159677,4662,86735907,546772,47.15,2.3,1.35
06-10-2020,76.1,76.2,74.7,75.35,75.512546,1850191,3585,139712633,1549924,83.77,1.5,-0.75
07-10-2020,75.4,75.55,74.3,75.15,74.93477527,529891,3261,39707263,123267,23.26,1.25,-0.25
08-10-2020,75,75.7,74.35,75.5,75.02883371,390203,1389,29276476,128199,32.85,1.35,0.5
09-10-2020,75,77.45,74.6,76.5,76.32380113,1038829,4531,79287378,330012,31.77,2.85,1.5
12-10-2020,76.15,77.35,75.1,75.65,76.20540976,576735,3288,43950327,135812,23.55,2.25,-0.5
13-10-2020,75.7,76.3,74.6,76.15,75.51704964,1376657,2570,103961075,687588,49.95,1.7,0.45
14-10-2020,76,76,73.75,74.7,74.55889864,1197498,4987,89284132,704215,58.81,2.25,-1.3
15-10-2020,74.9,75.8,74,74.65,75.24586631,2763571,5634,207947294,2126787,76.96,1.8,-0.25
16-10-2020,74.3,75.25,73.85,74.2,74.25623826,2191476,5844,162730764,1651658,75.37,1.4,-0.1
19-10-2020,75,77.3,74.6,76.85,75.7591986,2348753,6097,177939645,1667315,70.99,2.7,1.85
20-10-2020,76.85,76.85,75,75.05,75.48382064,3915298,5236,295541652,3127206,79.87,1.85,-1.8
21-10-2020,75.15,76.7,75.15,76.05,76.26939598,2361817,5063,180134356,1418075,60.04,1.55,0.9
22-10-2020,76,78.05,75.6,77.75,76.8559991,1076403,4214,82728028,388283,36.07,2.45,1.75
23-10-2020,78,79.25,77.75,78.25,78.67740585,1547976,4641,121790736,352297,22.76,1.5,0.25
26-10-2020,78.95,79.2,77.95,78.1,78.40065636,853185,3689,66890264,258219,30.27,1.25,-0.85
27-10-2020,78,78.5,76.2,78.1,77.60709395,3031483,4993,235264586,2366626,78.07,2.3,0.1
28-10-2020,78.1,78.4,77.1,78.05,77.70441464,441304,2356,34291269,137752,31.21,1.3,-0.05
29-10-2020,77.4,78.9,76.2,78.45,77.02601125,2073026,4731,159676924,1317314,63.55,2.7,1.05
30-10-2020,79.6,81.9,78.95,79.55,80.35069509,2673770,10953,214839278,743811,27.82,2.95,-0.05
02-11-2020,80.7,80.7,77.65,78.1,78.45026359,1269945,4792,99627520,357269,28.13,3.05,-2.6
03-11-2020,78.3,79.15,77.4,78,78.04515112,469335,2018,36629321,135167,28.8,1.75,-0.3
04-11-2020,78.6,78.6,76.9,77.95,77.74951074,563090,2789,43779972,160643,28.53,1.7,-0.65
05-11-2020,78.5,80.2,78.25,79.8,79.29958779,1108897,4747,87935075,493844,44.53,1.95,1.3
06-11-2020,79.9,80.9,79.7,80.2,80.21565955,932632,3976,74811691,389730,41.79,1.2,0.3
09-11-2020,80.85,81.45,80.1,81.2,80.8639066,477863,1782,38641869,110489,23.12,1.35,0.35
10-11-2020,81.45,84.45,81.1,84.15,83.0980011,1786480,8219,148452917,1003720,56.18,3.35,2.7
11-11-2020,84.15,85.2,83.2,84.95,84.44001312,673664,2611,56884197,195786,29.06,2,0.8
12-11-2020,84.6,85.45,84,85.3,84.78039558,691038,1744,58586475,239708,34.69,1.45,0.7
13-11-2020,84.5,85.15,83.7,84.75,84.48582837,735272,3356,62120064,255410,34.74,1.45,0.25
14-11-2020,85.45,86.95,84.9,86.65,86.25961279,625443,4933,53950471,410286,65.6,2.05,1.2
17-11-2020,87,87.3,84.5,84.9,85.43467958,1996420,7084,170563503,563002,28.2,2.8,-2.1
18-11-2020,84.55,85.5,84.25,85.25,84.82290114,462335,1713,39216596,106255,22.98,1.25,0.7
19-11-2020,85,86.6,84.5,84.65,85.6507948,1007800,5233,86318871,462217,45.86,2.1,-0.35
20-11-2020,85,85.75,83.4,84.85,84.26465932,619026,2289,52162015,177399,28.66,2.35,-0.15
23-11-2020,85.25,86.6,84.05,86.4,85.54748056,1882739,6972,161063578,685634,36.42,2.55,1.15
24-11-2020,87,87.4,85.8,86.1,86.42440449,866447,3033,74882166,237642,27.43,1.6,-0.9
25-11-2020,86.8,87.1,85.5,85.75,86.24778751,760906,2539,65626459,163477,21.48,1.6,-1.05
26-11-2020,86,86.25,84.55,85.6,85.24677461,777503,3967,66279623,229106,29.47,1.7,-0.4
27-11-2020,85.6,86.2,84.05,84.55,85.1954686,931986,5441,79400984,365559,39.22,2.15,-1.05
01-12-2020,85,86,84.1,85.8,85.30493654,632548,2869,53959467,247478,39.12,1.9,0.8
02-12-2020,86.2,89.3,85.8,88.35,88.42562102,1825899,6354,161456253,402461,22.04,3.5,2.15
03-12-2020,89.75,90.1,87.6,89.9,89.04361356,1481374,4911,131906894,460427,31.08,2.5,0.15
04-12-2020,90.45,91.4,89.05,90.4,90.34897583,1838176,8147,166077319,717363,39.03,2.35,-0.05
07-12-2020,90.7,92.2,90.45,91.65,91.42344054,1459898,7539,133468898,632893,43.35,1.75,0.95
08-12-2020,92.45,92.45,90,91.05,91.08294796,832522,3352,75828558,262653,31.55,2.45,-1.4
09-12-2020,91.25,94.2,91.1,93.95,92.91496525,2701272,10445,250988594,1227812,45.45,3.1,2.7
10-12-2020,94.2,94.2,91.2,92.5,92.19966103,1777723,6293,163905458,467435,26.29,3,-1.7
11-12-2020,93.55,96.1,93.05,93.85,94.88659445,3583246,12975,340002010,979630,27.34,3.05,0.3
14-12-2020,94.55,96.8,94.55,96.3,95.91014135,2496877,9634,239475826,1006556,40.31,2.25,1.75
15-12-2020,96.45,96.45,94.35,95.4,95.19358156,1554146,6828,147944724,512188,32.96,2.1,-1.05
16-12-2020,96.5,97.4,95.8,96.35,96.6545155,1303963,3901,126033912,296310,22.72,1.6,-0.15
17-12-2020,96.35,96.9,95,95.35,95.89289876,1155897,5266,110842314,422363,36.54,1.9,-1
18-12-2020,95.5,95.9,93.3,93.95,93.76192559,5999935,3351,562565459,5024177,83.74,2.6,-1.55
21-12-2020,93.05,93.5,84.6,86.95,88.97183634,4151591,20319,369374675,1069767,25.77,8.9,-6.1
22-12-2020,85.7,88.5,84.2,88,86.32509999,2715057,6688,234377567,1250936,46.07,4.3,2.3
23-12-2020,88.8,88.95,86.3,88.2,87.86715724,1563894,6015,137414920,786492,50.29,2.65,-0.6
24-12-2020,88.6,91.2,88.3,90.2,90.26506991,1601370,7135,144547775,548497,34.25,2.9,1.6
28-12-2020,91.65,91.95,90.95,91.65,91.41452395,692539,2948,63308123,174390,25.18,1,0
29-12-2020,91.8,92.5,90.5,91.2,91.34803454,538550,2198,49195484,138211,25.66,2,-0.6
30-12-2020,91.75,91.75,89.95,90.9,90.67527981,871227,4581,78998752,267470,30.7,1.8,-0.85
31-12-2020,90.8,91.6,90.3,90.95,90.84276802,905471,4229,82255492,268233,29.62,1.3,0.15
01-01-2021,91.4,91.7,91.1,91.5,91.40430959,585299,3361,53498851,332509,56.81,0.6,0.1
04-01-2021,91.7,94,91.7,93.8,93.03923198,1789586,7811,166501707,858170,47.95,2.3,2.1
05-01-2021,93.2,93.2,91.8,93,92.74942402,1754410,3115,162720517,1226950,69.94,1.4,-0.2
06-01-2021,93.45,95.55,93.2,94.05,94.57005933,3033165,8830,286846594,1099546,36.25,2.35,0.6
07-01-2021,95,99.45,93.8,94.55,95.12137108,2660708,4513,253090193,1221182,45.9,5.65,-0.45
08-01-2021,95.4,96.35,94.95,96.1,95.89642719,1780728,7800,170765453,1079091,60.6,1.4,0.7
11-01-2021,97,97,94.6,95.7,95.78726538,2148254,3455,205775376,1251665,58.26,2.4,-1.3
12-01-2021,95.9,99.35,95.2,97.95,98.16457424,1623869,5713,159406409,465293,28.65,4.15,2.05
13-01-2021,98,102.65,98,100.85,101.1028424,4253440,17513,430034874,1406586,33.07,4.65,2.85
14-01-2021,102.4,103.5,100.3,103.15,101.8886744,1508925,5932,153742368,388424,25.74,3.2,0.75
15-01-2021,103.3,103.9,100.5,101.3,102.3958885,1384953,5093,141813493,313883,22.66,3.4,-2
18-01-2021,102,102,97.5,98.15,98.97277605,1948174,10752,192816189,544873,27.97,4.5,-3.85
19-01-2021,98.8,100.3,98,98.65,99.37045302,947772,3963,94180533,275209,29.04,2.3,-0.15
20-01-2021,99.65,99.8,97.75,98.3,98.45625073,1170648,5901,115257613,300146,25.64,2.05,-1.35
21-01-2021,98.5,99.55,96.2,96.65,98.23017061,1585954,7608,155788532,465807,29.37,3.35,-1.85
22-01-2021,96.75,97.4,95.25,95.65,96.07612273,1972328,5141,189493627,1122768,56.93,2.15,-1.1
25-01-2021,96.3,97.6,93.05,93.35,94.33426198,1111299,3457,104833571,265149,23.86,4.55,-2.95
27-01-2021,93.35,93.45,90.4,91.4,91.0381685,4981778,6547,453531945,1430516,28.71,3.05,-1.95
28-01-2021,90.85,92.9,90.3,92.65,91.90076356,1037381,3293,95336106,190906,18.4,2.6,1.8
29-01-2021,93.6,96.35,92.75,93.3,94.26527605,4495845,15851,423802070,1672170,37.19,3.6,-0.3
01-02-2021,95.5,96.5,93.45,95.85,95.0470688,4094942,14291,389212234,1693343,41.35,3.05,0.35
02-02-2021,97.9,99.25,96.85,98.8,98.43180622,3139700,12802,309046342,936000,29.81,2.4,0.9
03-02-2021,100.45,102.35,99.85,101.9,100.6378809,6238074,15637,627786548,3384422,54.25,2.5,1.45
04-02-2021,102.2,104.4,102.2,103.65,103.4319689,2999246,14838,310217919,1082833,36.1,2.2,1.45
05-02-2021,104.25,104.65,102.05,102.35,102.8800838,2252907,11058,231779261,839878,37.28,2.6,-1.9
08-02-2021,104.3,105,102.5,104.05,103.9523711,7654236,7095,795675981,6046988,79,2.5,-0.25
09-02-2021,99.8,99.8,97.05,97.7,98.65483698,2266474,9466,223598623,796035,35.12,2.75,-2.1
10-02-2021,98.6,98.75,96.1,96.7,97.01730747,1509059,4374,146404841,598779,39.68,2.65,-1.9
11-02-2021,96.45,97.45,95.9,96.5,96.7372701,1220611,3412,118078576,483759,39.63,1.55,0.05
12-02-2021,96.95,97.05,94.6,95.1,95.47069387,1099241,4078,104945301,381494,34.71,2.45,-1.85
15-02-2021,96.7,96.7,94,94.15,94.55023159,651791,3175,61626990,257586,39.52,2.7,-2.55
16-02-2021,94,96.45,93.9,95.7,95.43440593,1074251,4132,102520506,303243,28.23,2.55,1.7
17-02-2021,95.85,95.85,94.7,95,95.04415965,1096612,6639,104226566,440461,40.17,1.15,-0.85
18-02-2021,95.6,99.8,95.25,98.95,98.40963087,2227442,8347,219201745,560783,25.18,4.55,3.35
19-02-2021,99.5,100.5,96.15,97.55,98.52628732,1961649,7610,193273993,279696,14.26,4.35,-1.95
22-02-2021,97.55,98.55,95.1,95.65,96.81374713,1031517,4274,99865026,221620,21.48,3.45,-1.9
23-02-2021,96,99.1,95.95,97.7,97.86347321,2013971,5609,197094197,375476,18.64,3.15,1.7
24-02-2021,98.75,99.9,87.95,98.1,97.51530992,5869953,28244,572410286,2807185,47.82,11.95,-0.65
25-02-2021,99.2,101.95,98.9,100.9,100.4743055,5482173,26143,550817525,2456245,44.8,3.05,1.7
26-02-2021,99.5,101.95,97.2,98,99.87054123,2852329,9913,284863641,630740,22.11,4.75,-1.5
01-03-2021,101.4,101.6,99.85,100.7,100.7247407,1896488,8052,191023262,424690,22.39,1.75,-0.7
02-03-2021,101.9,104,101.7,102.15,102.8453799,4331636,18588,445488750,1788684,41.29,2.3,0.25
03-03-2021,103.3,104.05,101.4,102.6,102.851027,1395756,6419,143554938,358810,25.71,2.65,-0.7
04-03-2021,101.6,103.1,101,101.45,101.9760643,1185967,6565,120940247,495753,41.8,2.1,-0.15
05-03-2021,101.5,102.9,100.85,101.4,101.850494,1900713,8559,193588558,640034,33.67,2.05,-0.1
08-03-2021,102.4,105,102.15,103.55,103.8061472,2110870,7249,219121282,475524,22.53,2.85,1.15
09-03-2021,102.1,102.85,99.2,100.5,101.0365065,1412487,5516,142712752,372952,26.4,3.65,-1.6
10-03-2021,101.3,101.8,98.65,98.9,99.50912127,838480,4073,83436408,297229,35.45,3.15,-2.4
12-03-2021,99.9,102.3,99.9,101.25,101.4641131,2367636,11121,240230087,1053366,44.49,2.4,1.35
15-03-2021,102,102.7,100,101.05,100.9444187,1008414,4437,101793765,268512,26.63,2.7,-0.95
16-03-2021,101.75,102.6,100,100.5,101.1086753,1513187,6870,152996333,407559,26.93,2.6,-1.25
17-03-2021,101,101.25,98,98.2,99.07611546,1332502,8586,132019122,534107,40.08,3.25,-2.8
18-03-2021,99,99.4,96.5,97.3,97.61674123,1640907,9060,160179994,495172,30.18,2.9,-1.7
19-03-2021,96.6,99.65,95.4,98.75,97.80726806,1910908,9736,186900691,611150,31.98,4.25,2.15
22-03-2021,99.65,99.7,98.25,99.2,98.82782259,1450167,6737,143316847,446842,30.81,1.45,-0.45
23-03-2021,97.9,97.9,96.4,96.75,96.83299991,1136706,7168,110070652,378152,33.27,1.5,-1.15
24-03-2021,96.1,96.7,94.25,94.6,95.33230382,967768,3809,92259553,272429,28.15,2.45,-1.5
25-03-2021,94.5,94.5,90.5,90.9,91.81440112,2065659,15842,189657244,688204,33.32,4,-3.6
26-03-2021,92.3,92.3,90.6,90.9,91.44333556,863831,3948,78991588,317239,36.72,1.7,-1.4
30-03-2021,90.9,91.9,90.15,91.55,91.08310464,882911,4074,80418275,246725,27.94,1.75,0.65
31-03-2021,91.8,92.3,91,91.8,91.85983854,561638,2347,51591976,125927,22.42,1.3,0
01-04-2021,92,93.3,91.25,93.15,92.15000293,579362,2616,53388210,138576,23.92,2.05,1.15
05-04-2021,93.4,93.4,90.05,90.7,91.07408099,1157220,3879,105392748,321161,27.75,3.35,-2.7
06-04-2021,91.15,91.85,90.5,91.15,91.27036968,606551,2145,55360134,98602,16.26,1.35,0
07-04-2021,91.55,92.9,91.15,92.7,92.46365956,805136,4691,74445821,370640,46.03,1.75,1.15
08-04-2021,92.7,93.75,92.5,92.9,92.94777537,1981134,5580,184141998,331911,16.75,1.25,0.2
09-04-2021,93,93,91,91.6,91.8884917,762015,2882,70020409,208771,27.4,2,-1.4
12-04-2021,90.85,90.85,86.75,87.05,87.80585651,1094850,6208,96134242,469820,42.91,4.1,-3.8
13-04-2021,86.7,89.25,86.7,88.8,88.52438391,910785,6766,80626681,273753,30.06,2.55,2.1
15-04-2021,88.8,91,88.2,90.2,89.46080279,763511,2703,68304307,163867,21.46,2.8,1.4
16-04-2021,89.7,91.1,89.55,90.15,90.47424267,1015012,5114,91832442,261134,25.73,1.55,0.45
19-04-2021,88.4,88.6,86.9,88.1,87.47813141,810386,3734,70891053,233058,28.76,1.7,-0.3
20-04-2021,88.8,89.1,87.5,87.85,88.34405739,701258,2665,61951977,140059,19.97,1.6,-0.95
22-04-2021,87.75,88.3,87.25,87.8,87.97319798,1357696,5193,119440859,349245,25.72,1.05,0.05
23-04-2021,87.8,88.55,87.45,88.05,87.98334656,602218,2123,52985155,125308,20.81,1.1,0.25
26-04-2021,88.95,88.95,88.05,88.25,88.34314313,570858,2064,50431390,126587,22.17,0.9,-0.7
27-04-2021,88,89.1,88,88.9,88.75440471,828261,4353,73511812,285644,34.49,1.1,0.9
28-04-2021,89,89.5,89,89.35,89.26794426,667818,4513,59614740,224941,33.68,0.5,0.35
29-04-2021,90.05,90.5,88.6,88.75,89.4718448,572896,2784,51258062,149503,26.1,1.9,-1.3
30-04-2021,88.5,93.1,88.05,90.85,91.42714542,1869752,6512,170946088,285056,15.25,5.05,2.35
03-05-2021,90.45,92.2,89.6,91.55,91.04640121,1012689,5673,92201689,160245,15.82,2.6,1.1
04-05-2021,92.75,93.5,91.2,91.35,92.42398523,1437885,8335,132895062,515418,35.85,2.3,-1.4
05-05-2021,92.2,93.5,91.8,92.2,92.5852269,911684,3849,84408470,157990,17.33,1.7,0
06-05-2021,93.2,93.2,92,92.65,92.57293392,972250,5181,90004035,304202,31.29,1.2,-0.55
07-05-2021,92.75,95.2,92.25,94.7,93.68670218,1849266,9194,173251633,945179,51.11,2.95,1.95
10-05-2021,95,99.5,95,99.05,97.59177655,3573222,18581,348717083,2051864,57.42,4.5,4.05
11-05-2021,99,104.4,97.95,103.7,102.842894,3626062,17909,372914710,1072354,29.57,6.45,4.7
12-05-2021,104,106.55,102.25,102.75,104.2853788,3764799,18711,392613490,1262260,33.53,4.3,-1.25
14-05-2021,102.85,103.65,100,100.9,101.5678644,1635489,7091,166113125,271900,16.62,3.65,-1.95
17-05-2021,101.9,102.2,100.1,102,101.11567,1156013,5756,116891029,226247,19.57,2.1,0.1
18-05-2021,103,105.85,102.45,105.55,104.4268603,2038236,7443,212846586,528543,25.93,3.4,2.55
19-05-2021,104.95,109,104.15,107.2,106.8087049,4137163,14605,441885022,633563,15.31,4.85,2.25
20-05-2021,109.9,109.9,104.5,104.7,105.93135,3263480,19726,345704842,699808,21.44,5.4,-5.2
21-05-2021,105.8,106.95,103.6,104.3,104.7975029,1789245,8386,187508408,412146,23.03,3.35,-1.5
24-05-2021,105,109.95,105,109.5,107.902236,4189242,17070,452028579,821798,19.62,4.95,4.5
25-05-2021,110.3,111.9,109.6,110.3,110.520282,3819463,18638,422128128,1184487,31.01,2.3,0
26-05-2021,110.3,112.8,109.4,112.05,111.797956,1967364,8642,219947274,451006,22.92,3.4,1.75
27-05-2021,113,113.65,109.95,110.2,111.9690884,2347175,16838,262811045,694871,29.6,3.7,-2.8
28-05-2021,111.2,112.05,108.45,109.8,110.0004947,2187360,8006,240610682,317210,14.5,3.6,-1.4
31-05-2021,110,110.5,108.45,109.25,109.3620142,914862,5528,100051151,199939,21.85,2.05,-0.75
01-06-2021,109.75,110.95,109.05,109.85,109.8399202,868142,4496,95356648,168589,19.42,1.9,0.1
02-06-2021,110.2,111.4,109.6,110.8,110.7167162,715251,5848,79190242,161319,22.55,1.8,0.6
03-06-2021,110.25,112.95,110.25,112.45,112.0926644,868532,5485,97356066,224224,25.82,2.7,2.2
04-06-2021,112.9,114.95,112.4,114.6,114.0282417,2241611,11590,255606961,802444,35.8,2.55,1.7
07-06-2021,115,115.75,114.3,114.65,115.0300081,1237533,11287,142353431,514290,41.56,1.45,-0.35
08-06-2021,115,117.4,113.35,116.7,115.3278669,1138715,6893,131325572,323831,28.44,4.05,1.7
09-06-2021,117.2,117.85,114.5,114.9,116.3882904,1529497,11100,178015541,526760,34.44,3.35,-2.3
10-06-2021,115.1,116.5,115.1,115.95,115.8852181,641408,5260,74329706,183008,28.53,1.4,0.85
11-06-2021,116.15,117.35,114.35,115.1,115.8196191,873973,7711,101223220,273707,31.32,3,-1.05
14-06-2021,115.1,115.65,112.5,114.75,114.3390896,822287,7916,94019547,312886,38.05,3.15,-0.35
15-06-2021,115.45,116.35,114.6,115.7,115.6599241,753867,7011,87192200,281190,37.3,1.75,0.25
16-06-2021,116.4,117.1,115.55,115.9,116.5094991,670429,4401,78111347,165229,24.65,1.55,-0.5
17-06-2021,115.6,116.3,114.05,114.6,115.1152157,740741,5962,85270560,261131,35.25,2.25,-1
18-06-2021,114.55,115.5,111,112.3,112.4953106,989898,9993,111358883,488115,49.31,4.5,-2.25
21-06-2021,111,113.35,110.65,112.55,111.2745052,1879247,7875,209112280,256343,13.64,2.7,1.55
22-06-2021,114,114.8,113.15,113.8,113.9480594,1895742,3316,216016122,202708,10.69,1.65,-0.2
23-06-2021,114.75,114.75,112.65,112.85,113.2999321,244582,2117,27711124,73348,29.99,2.1,-1.9
24-06-2021,112.85,113.5,111.1,111.45,112.0007921,391349,2770,43831398,119989,30.66,2.4,-1.4
25-06-2021,111.75,112.4,111.15,111.4,111.6760446,372400,3649,41588159,117809,31.64,1.25,-0.35
28-06-2021,112,112,110.7,110.8,111.0519888,306566,3574,34044764,112578,36.72,1.3,-1.2
29-06-2021,111,111.85,107.8,108.15,109.6682986,735529,5087,80664214,256545,34.88,4.05,-2.85
30-06-2021,108.45,109.85,107.6,107.95,108.8222223,564036,3987,61379651,151229,26.81,2.25,-0.5
01-07-2021,108.15,108.8,107.4,107.6,107.9587026,538436,6034,58128852,204148,37.91,1.4,-0.55
02-07-2021,107.9,109.7,107.85,108.5,108.6901863,720178,5720,78276281,217820,30.25,1.85,0.6
05-07-2021,109.4,109.45,108.45,108.75,108.8643158,444407,5686,48380064,204300,45.97,1,-0.65
06-07-2021,108.75,109.4,108.2,108.4,108.8117091,316351,2744,34422693,116577,36.85,1.2,-0.35
07-07-2021,107.8,108.4,107.2,107.9,107.7261741,443026,4669,47725496,194013,43.79,1.2,0.1
08-07-2021,107.95,109.1,107.35,107.5,108.1344129,400103,2984,43264903,152746,38.18,1.75,-0.45
09-07-2021,107.15,107.65,106.55,107.35,107.1131545,587648,2895,62944831,223866,38.1,1.1,0.2
12-07-2021,107.7,108.3,106.85,107.25,107.8156671,1259227,5495,135764399,238649,18.95,1.45,-0.45
13-07-2021,107,108.15,106.85,107.8,107.3354722,721562,6958,77449198,374557,51.91,1.3,0.8
14-07-2021,107.5,108.1,106.7,107.1,107.3078741,330070,2135,35419110,104684,31.72,1.4,-0.4
15-07-2021,107.1,107.25,106.1,106.3,106.6861196,238798,2301,25476432,93348,39.09,1.15,-0.8
16-07-2021,106.5,107.35,105.45,106.15,106.3178089,407767,2890,43352894,124521,30.54,1.9,-0.35
19-07-2021,106,107.85,105.15,105.95,106.9770491,1525558,6943,163199693,255178,16.73,2.7,-0.05
20-07-2021,106.15,106.8,104.55,105.5,105.6223952,508386,3477,53696947,139639,27.47,2.25,-0.65
22-07-2021,106.45,107,105.2,106.7,106.0497313,433510,2643,45973619,96753,22.32,1.8,0.25
23-07-2021,106.95,107.15,105.5,105.95,106.0013591,359793,2925,38138547,112654,31.31,1.65,-1
26-07-2021,106.5,106.5,104.5,104.65,105.2373057,336469,2916,35409091,158297,47.05,2,-1.85
27-07-2021,105.25,105.4,103.25,103.9,104.2691589,448055,5540,46718318,208660,46.57,2.15,-1.35
28-07-2021,104.3,104.65,103.1,104,103.8825076,326736,2540,33942155,93274,28.55,1.55,-0.3
29-07-2021,104.5,104.5,103.2,103.9,103.7694306,393092,2717,40790933,118229,30.08,1.3,-0.6
30-07-2021,104.5,106.25,102.85,103.2,104.1253388,1793579,10553,186757021,436547,24.34,3.4,-1.3
02-08-2021,104.95,105.8,103.6,105.5,105.075256,1149224,8985,120755006,511535,44.51,2.2,0.55
03-08-2021,106.4,106.5,105.4,106.15,106.1176837,573801,4533,60890433,242096,42.19,1.1,-0.25
04-08-2021,106.35,107.5,104.9,105.3,106.2962185,892392,9338,94857895,450437,50.48,2.6,-1.05
05-08-2021,104.8,104.8,102.6,103.95,103.4908371,917337,8514,94935974,270992,29.54,2.2,-0.85
06-08-2021,104.35,106.25,103.95,105.9,105.6900426,839025,6232,88676588,339192,40.43,2.3,1.55
09-08-2021,106.5,106.5,103.95,104.45,105.267556,706484,7257,74369844,277441,39.27,2.55,-2.05
10-08-2021,104.9,104.9,101.9,102.3,103.375553,774639,7472,80078735,320796,41.41,3,-2.6
11-08-2021,103,104.9,102.3,104.55,103.2497045,1126223,6163,116282192,341860,30.35,2.6,1.55
12-08-2021,104.55,105.5,103.8,104.1,104.7368182,518839,2909,54341546,185284,35.71,1.7,-0.45
13-08-2021,104.4,105,103.7,104.6,104.488427,507951,3980,53075001,220889,43.49,1.3,0.2
16-08-2021,104.95,107.45,104.25,107.15,105.4793461,5614231,9712,592185415,796355,14.18,3.2,2.2
17-08-2021,107.5,108.25,104.7,105.7,106.3966875,935971,5766,99584214,211253,22.57,3.55,-1.8
18-08-2021,105.75,106.5,104.7,106.1,105.7691617,2051427,8431,216977714,393135,19.16,1.8,0.35
20-08-2021,105.8,105.8,103.1,103.55,103.9715695,618526,4722,64309119,210898,34.1,2.7,-2.25
23-08-2021,103.75,104.5,102.15,103,103.1906943,746105,6062,76991093,298166,39.96,2.35,-0.75
24-08-2021,104,106.2,103.9,105.85,105.2797002,1033814,6161,108839628,368918,35.69,2.3,1.85
25-08-2021,106.35,106.9,105.4,106.1,106.2121646,422898,2496,44916912,80674,19.08,1.5,-0.25
26-08-2021,106,106,104.65,105.55,105.2862799,530900,4727,55896486,192273,36.22,1.35,-0.45
27-08-2021,105.1,106.4,105.1,105.95,106.0599271,866319,2873,91881730,140141,16.18,1.3,0.85
30-08-2021,106.05,108.15,106.05,107.35,107.1447002,1244546,8416,133346508,631565,50.75,2.1,1.3
31-08-2021,108.15,111.25,107.4,110.8,109.5297632,1675713,16763,183540448,1125179,67.15,3.85,2.65
01-09-2021,111,111.7,109.55,110.75,110.6336182,539047,3732,59636720,127240,23.6,2.15,-0.25
02-09-2021,110.05,110.3,109.05,110.15,109.6423487,1108177,4137,121503129,617276,55.7,1.25,0.1
03-09-2021,110.45,113.45,110.25,113.1,112.3060207,1323577,11303,148645666,792819,59.9,3.2,2.65
06-09-2021,113.5,114,111.3,111.55,112.1837586,763148,7323,85612811,287609,37.69,2.7,-1.95
07-09-2021,111.35,112.45,110.7,111.9,111.5964653,375078,2323,41857379,68259,18.2,1.75,0.55
08-09-2021,111.75,112.9,111.25,112.5,112.2140395,670124,4720,75197321,304416,45.43,1.65,0.75
09-09-2021,112.8,114.65,112.45,112.8,113.5017867,1113531,7031,126387758,190685,17.12,2.2,0
13-09-2021,112.8,114.3,112.45,114,113.3331969,669277,6143,75851302,353311,52.79,1.85,1.2
14-09-2021,114,115.9,113.85,115.2,115.1194458,961281,6792,110662136,537427,55.91,2.05,1.2
15-09-2021,115.5,117,115.25,116.45,116.4048315,849425,4350,98877174,407019,47.92,1.75,0.95
16-09-2021,117.25,118.95,116.1,118.35,117.5789174,1226403,15260,144199137,727193,59.29,2.85,1.1
17-09-2021,118.65,119.45,116.1,118.15,118.0261052,1882195,12751,222148145,664518,35.31,3.35,-0.5
20-09-2021,116.15,117.65,114.45,114.55,116.1099828,578845,3639,67209683,126000,21.77,3.2,-1.6
21-09-2021,114.55,115.6,113.45,115,114.5889641,575524,3062,65948699,146247,25.41,2.15,0.45
22-09-2021,115.3,116.85,115.2,116.5,116.0531107,887901,7267,103043673,367949,41.44,1.65,1.2
23-09-2021,116.6,118.6,116.6,117.95,116.9275749,3403268,11605,397935874,2256799,66.31,2,1.35
24-09-2021,117.35,118.95,116,117.3,117.4381125,437536,2723,51383402,99503,22.74,2.95,-0.05
27-09-2021,118.1,118.9,117.5,118.55,118.2503174,870283,6960,102911241,495644,56.95,1.4,0.45
28-09-2021,119,123.85,118.65,123,121.8127809,1617506,9680,197032904,485485,30.01,5.2,4
29-09-2021,122.85,127.95,121.95,127.5,125.9858257,1909365,14231,240552926,791306,41.44,6,4.65
30-09-2021,128,128.55,124.35,125.4,126.0332855,1139774,9387,143649462,454544,39.88,4.2,-2.6
01-10-2021,125.5,128.8,125,127.4,126.9189844,1280630,9304,162536259,322097,25.15,3.8,1.9
04-10-2021,128.5,128.5,125.6,126.25,126.4746747,542403,3801,68600243,128665,23.72,2.9,-2.25
05-10-2021,126.3,130.55,126.3,129.9,129.6462064,1079867,7713,140000660,255602,23.67,4.25,3.6
06-10-2021,131.15,134.9,129.1,130.05,131.397033,1966383,14698,258376892,527074,26.8,5.8,-1.1
07-10-2021,131.5,132.9,129.85,132.2,131.8478079,834439,5231,110018953,227942,27.32,3.05,0.7
08-10-2021,133.9,134.45,130.65,131.7,132.3904826,493999,4034,65400766,101679,20.58,3.8,-2.2
11-10-2021,132,133.95,131.3,131.55,131.9017969,2080799,4368,274461127,1765326,84.84,2.65,-0.45
12-10-2021,131.6,132.55,129.3,131.2,130.5044235,565168,3668,73756924,207950,36.79,3.25,-0.4
13-10-2021,131.45,132.35,130.35,131.25,131.5075354,339198,3269,44607093,94865,27.97,2,-0.2
14-10-2021,131.8,135.5,131.05,134.45,134.3144288,1467178,19316,197063175,875681,59.68,4.45,2.65
18-10-2021,137,139,135.7,136.3,137.0622736,990324,8557,135736059,347169,35.06,3.3,-0.7
19-10-2021,136.5,137.2,133.35,133.8,135.2646644,826798,4895,111836554,240762,29.12,3.85,-2.7
20-10-2021,133.8,134.25,129.65,130.45,133.0154255,2797518,5849,372113047,2078411,74.29,4.6,-3.35
21-10-2021,131.7,135.45,130.7,131.65,133.5461782,1318989,8323,176145940,190043,14.41,4.75,-0.05
22-10-2021,131.95,133.6,130,130.75,131.4904007,607595,4692,79892910,156364,25.73,3.6,-1.2
25-10-2021,130.75,132.4,128.55,130.4,130.6055724,889522,7347,116176530,260455,29.28,3.85,-0.35
26-10-2021,130.6,132.4,130.1,131.55,131.3824277,465586,3376,61169819,74080,15.91,2.3,0.95
27-10-2021,132,133.05,130.3,130.8,131.5513813,767837,4855,101010018,308224,40.14,2.75,-1.2
28-10-2021,131,131.4,127.85,128.8,129.0841332,1039186,7814,134142424,467355,44.97,3.55,-2.2
29-10-2021,127.25,130,126,128.05,128.296382,744998,6429,95580548,201350,27.03,4,0.8
01-11-2021,131.45,132.9,126.6,131.45,129.4671431,1202274,8175,155654980,309552,25.75,6.3,0
02-11-2021,132.35,132.75,130.6,130.9,131.6425823,451897,3450,59488888,107826,23.86,2.15,-1.45
03-11-2021,131.3,134.9,130.75,132.55,133.1291714,1267270,8304,168710605,538695,42.51,4.15,1.25
04-11-2021,135,135,133.5,134.65,134.5919036,368141,8012,49548798,212161,57.63,1.5,-0.35
08-11-2021,135,141,134.3,140.5,138.4708043,1955341,15643,270757641,777208,39.75,6.7,5.5
09-11-2021,141.75,141.75,139,139.7,139.8290294,896002,8631,125287090,283081,31.59,2.75,-2.05
10-11-2021,139.5,141.25,138.8,139.45,140.0081331,954621,7656,133654704,319987,33.52,2.45,-0.05
11-11-2021,134.95,135.6,132.5,133.3,134.0486353,1712397,30725,229544481,981263,57.3,3.1,-1.65
12-11-2021,133.85,134.7,132.05,133,133.1393386,950318,8750,126524710,350504,36.88,2.65,-0.85
15-11-2021,133,134.15,132,132.75,132.8233085,620958,6537,82477696,239356,38.55,2.15,-0.25
16-11-2021,132.85,133.45,130.75,131.1,131.7431825,289622,2892,38155724,74937,25.87,2.7,-1.75
17-11-2021,130.5,131.35,128.2,128.5,129.5146206,500081,7359,64767801,198026,39.6,3.15,-2
18-11-2021,128.05,130.2,127.6,129.4,128.9099635,761647,7625,98183887,277315,36.41,2.6,1.35
22-11-2021,129.4,129.75,124.05,124.45,126.1620688,1032981,11282,130323020,286594,27.74,5.7,-4.95
23-11-2021,124.45,126.75,123.9,126.2,125.5544513,435472,4001,54675448,75700,17.38,2.85,1.75
24-11-2021,126.95,129.3,126.55,127.65,128.2330424,742676,6381,95235603,169997,22.89,2.75,0.7
25-11-2021,127.65,128,124.55,125.65,125.5766185,847224,9465,106391525,220122,25.98,3.45,-2
26-11-2021,125.65,125.65,120.5,120.95,122.5523575,948632,12682,116257088,308302,32.5,5.15,-4.7
29-11-2021,117,120.95,117,118.8,119.3546998,1069775,10161,127682674,350417,32.76,3.95,1.8
30-11-2021,118.95,120.85,117.9,119.05,119.3537403,805704,8113,96163786,165647,20.56,2.95,0.1
01-12-2021,120,120,116.55,117.7,117.8700224,733065,7822,86406388,194976,26.6,3.45,-2.3
02-12-2021,118,121.1,118,120.55,120.1325209,696690,4442,83695126,108532,15.58,3.1,2.55
03-12-2021,121.85,122.9,120.75,121.9,121.9866646,856591,5152,104492679,326820,38.15,2.15,0.05
06-12-2021,122.6,123.1,120.5,120.95,121.4540529,405510,3716,49250833,77639,19.15,2.6,-1.65
07-12-2021,121.05,123.3,120.25,120.55,121.8486129,1789670,18702,218068807,1303348,72.83,3.05,-0.5
08-12-2021,122,122.5,120,120.35,121.0767443,937790,14320,113544560,529291,56.44,2.5,-1.65
09-12-2021,121.45,121.45,119.5,119.75,120.4351387,1016345,14040,122403651,686121,67.51,1.95,-1.7
10-12-2021,120.2,121.35,119.6,120.05,120.3189548,797254,11693,95924768,291365,36.55,1.75,-0.15
13-12-2021,120.45,121.95,117.9,118.35,119.4796228,826979,9640,98807139,324913,39.29,4.05,-2.1
14-12-2021,118.5,119.15,117.2,117.9,118.143224,719307,13316,84981248,330579,45.96,1.95,-0.6
15-12-2021,117.35,118.4,115.5,115.7,116.6112524,1972789,17397,230049396,1409026,71.42,2.9,-1.65
16-12-2021,116.4,117.1,115.55,115.8,116.1108669,718790,5669,83459330,330789,46.02,1.55,-0.6
17-12-2021,115.8,116,112.35,112.9,113.3918321,671798,11861,76176406,370345,55.13,3.65,-2.9
20-12-2021,112,112.4,108.25,108.9,109.7412998,962848,14952,105664191,422470,43.88,4.15,-3.1
21-12-2021,109.25,110.35,108.65,109.5,109.5055799,644820,7676,70611388,267381,41.47,1.7,0.25
22-12-2021,110.25,110.25,108.45,109.1,109.0267755,643386,8593,70146301,283743,44.1,1.8,-1.15
23-12-2021,110.1,112.5,109.9,112.15,111.6644475,716946,7221,80057379,195913,27.33,2.6,2.05
24-12-2021,113.8,113.8,109.8,110.25,111.1937641,1007529,9114,112030942,283091,28.1,4,-3.55
27-12-2021,110.2,111,109.05,110.75,110.1477038,420998,4788,46371963,131584,31.26,1.95,0.55
28-12-2021,111,112.5,111,112.25,111.7928392,516951,4635,57791420,184903,35.77,1.5,1.25
29-12-2021,112.25,112.5,111.05,111.5,111.6237314,337089,2749,37627132,117389,34.82,1.45,-0.75
30-12-2021,111.95,111.95,109.9,110.6,110.4844239,435410,6495,48106023,193294,44.39,2.05,-1.35
31-12-2021,111,112.6,110.65,111.55,111.6955814,392706,5097,43863525,170811,43.5,1.95,0.55
03-01-2022,111.55,113.3,111.35,113,112.4179832,491960,6596,55305151,280479,57.01,1.95,1.45
04-01-2022,114,114.9,113.25,114.05,113.9824562,570799,5996,65061072,243487,42.66,1.65,0.05
05-01-2022,114.8,117.4,113.95,117.25,116.5462905,1123871,9446,130982996,519359,46.21,3.45,2.45
06-01-2022,117,117.6,115.25,117.25,116.513163,701740,7808,81761947,319968,45.6,2.35,0.25
07-01-2022,118.2,119.15,117,118.5,118.320031,884783,7882,104687552,371896,42.03,2.15,0.3
10-01-2022,119.5,120.1,118.3,119.7,119.4616927,637346,6633,76138432,382971,60.09,1.8,0.2
11-01-2022,120.15,120.4,118.15,118.45,118.9365545,477638,5662,56808618,220719,46.21,2.25,-1.7
12-01-2022,118.7,120,118.4,119,118.8547,453510,3010,53901795,224163,49.43,1.6,0.3
13-01-2022,119.9,121.5,118.8,121.2,120.2090178,524142,3458,63006595,179283,34.2,2.7,1.3
14-01-2022,121.8,124.35,121.25,123.25,123.2197595,1167977,11711,143917845,494849,42.37,3.1,1.45
17-01-2022,124.95,125.05,123.2,123.65,123.8329712,561885,4884,69579889,164813,29.33,1.85,-1.3
18-01-2022,124.9,125.5,123.4,123.85,124.5170135,635467,5152,79126453,152496,24,2.1,-1.05
19-01-2022,124.4,125.6,123.1,125.05,124.9132822,471979,4388,58956446,179285,37.99,2.5,0.65
20-01-2022,125.4,125.95,124.35,125.45,125.2777013,358774,3433,44946382,119059,33.18,1.6,0.05
21-01-2022,124.6,125.45,120.75,121.65,122.9000091,451531,4321,55493164,162545,36,4.7,-2.95
24-01-2022,121.4,122.55,119.95,120.35,121.4338553,646605,5497,78519738,162266,25.1,2.6,-1.05
25-01-2022,120,121.7,119.3,121.45,120.4799326,537663,6533,64777602,207049,38.51,2.4,1.45
27-01-2022,121.1,123.75,119.85,122.6,121.7927399,668778,8324,81452305,281387,42.07,3.9,1.5
28-01-2022,123.85,127.05,123.55,124.1,125.5193041,547061,4806,68666716,125829,23,3.5,0.25
31-01-2022,126.9,128,124.25,125.2,126.2312817,1226418,10365,154812316,376617,30.71,3.75,-1.7
01-02-2022,127,127,119.55,121.75,121.7645976,1612282,16670,196318869,701558,43.51,7.45,-5.25
02-02-2022,122.5,124.9,122.5,124.45,123.4773384,610592,5524,75394275,239298,39.19,2.4,1.95
03-02-2022,125.5,125.85,124.15,124.55,124.8292633,611292,6096,76307130,229746,37.58,1.7,-0.95
04-02-2022,124.55,125.45,123.75,124.2,124.594177,419752,3183,52298655,200956,47.87,1.7,-0.35
07-02-2022,124.95,124.95,122.5,122.9,123.261976,636062,7714,78402259,367509,57.78,2.45,-2.05
08-02-2022,123,123.5,120.1,121.25,121.1931128,896626,8539,108664896,278654,31.08,3.4,-1.75
09-02-2022,118.65,121.7,117.9,121.05,120.3993697,631758,4509,76063265,101167,16.01,3.8,2.4
10-02-2022,120.8,121.45,119.65,119.95,120.5713822,1460742,10752,176123682,427425,29.26,1.8,-0.85
11-02-2022,118.7,122.6,118.7,122.05,121.5923367,1038504,8886,126274128,519752,50.05,3.9,3.35
14-02-2022,122.05,122.05,116.2,116.7,118.8962603,1002114,10970,119147607,373200,37.24,5.85,-5.35
15-02-2022,117,119,114.5,118.75,116.3264979,924594,9723,107554782,293836,31.78,4.5,1.75
16-02-2022,119.7,122.2,119.25,121.4,121.1031765,936609,7565,113426325,382057,40.79,2.95,1.7
17-02-2022,123,123.9,120.5,121.35,122.3069906,534176,4229,65333459,91623,17.15,3.4,-1.65
18-02-2022,121.7,122.3,120.55,121.15,121.3698791,272562,2269,33080817,75588,27.73,1.75,-0.55
21-02-2022,120.35,121.15,118.3,119.1,119.8423975,622655,6429,74620468,212083,34.06,2.85,-1.25
22-02-2022,117.8,118.65,116.5,117.15,117.4008691,508565,4462,59705973,90720,17.84,2.15,-0.65
23-02-2022,118.5,118.5,116.5,117.15,117.5271963,411086,5491,48313785,128787,31.33,2,-1.35
24-02-2022,114.25,116.25,109.45,110,113.0311911,1592985,19946,180056992,582869,36.59,6.8,-4.25
25-02-2022,111.45,114.7,111,112.4,112.7877598,1208475,12229,136301188,471271,39,3.7,0.95
28-02-2022,113,116.2,110.6,114.7,112.8453936,929399,9864,104878396,,,5.6,1.7
02-03-2022,115,116.45,111.5,112.25,113.4382876,750400,5860,85124091,379084,50.52,4.95,-2.75
03-03-2022,115.5,116.5,113.4,114.65,114.9295222,932747,6787,107200167,232051,24.88,3.1,-0.85
04-03-2022,114.5,115.5,112.8,113.25,113.7111644,1306515,10522,148565342,264355,20.23,2.7,-1.25
07-03-2022,113.8,113.95,111.3,112.35,112.4696931,1673182,15065,188182266,389876,23.3,2.65,-1.45
08-03-2022,113,117.85,111.85,117.05,114.0753814,1534795,12681,175082325,495305,32.27,6,4.05
09-03-2022,118.5,118.95,115.8,116.95,116.8283331,1016754,10559,118785675,278552,27.4,3.15,-1.55
10-03-2022,118.2,121.35,117.7,120.95,120.0827087,1465360,11630,175964398,755779,51.58,3.65,2.75
11-03-2022,121,124.35,120.45,123.65,122.2259109,1120353,10109,136936166,595681,53.17,3.9,2.65
14-03-2022,125,125,120,120.75,121.1624975,726885,6582,88071202,201829,27.77,5,-4.25
15-03-2022,120.4,120.95,118.25,118.95,119.567412,528556,4539,63198073,118845,22.48,2.7,-1.45
16-03-2022,120.4,122.7,119.5,121.9,120.6341261,369283,3420,44548132,99013,26.81,3.2,1.5
17-03-2022,123,123,120.1,121.4,121.0469691,811002,5505,98169334,215483,26.57,2.9,-1.6
21-03-2022,122.2,122.2,117.8,118,119.1799633,813677,12085,96973995,400477,49.22,4.4,-4.2
22-03-2022,119,121.85,118.55,120.6,120.2686324,1228102,10056,147702148,371091,30.22,3.3,1.6
23-03-2022,121.95,123,120.65,121.45,121.3501665,691828,5942,83953443,146969,21.24,2.35,-0.5
24-03-2022,122.25,122.25,119.65,120.35,121.127565,529620,3610,64151581,234405,44.26,2.6,-1.9
25-03-2022,120.4,120.85,117.9,118.6,119.2694312,563914,4039,67257702,200145,35.49,2.95,-1.8
28-03-2022,119,120.65,117.75,119.95,119.2919858,523618,3969,62463431,117990,22.53,2.9,0.95
29-03-2022,120.65,121.35,117.9,118.25,119.6050637,842508,6877,100768223,219352,26.04,3.45,-2.4
30-03-2022,120,120,116.1,117.2,117.6371582,794134,6675,93419667,218020,27.45,3.9,-2.8
31-03-2022,118.4,120.9,118.1,118.95,119.5594358,1215135,9200,145280855,433644,35.69,2.8,0.55
01-04-2022,119.7,122.5,118.95,122.05,120.9877749,1008086,7674,121966082,636462,63.14,3.55,2.35
04-04-2022,122.4,122.95,121.7,122.25,122.3336754,647998,5118,79271977,148231,22.88,1.25,-0.15
05-04-2022,123.1,123.5,122.35,122.7,122.9901821,382772,3311,47077198,117432,30.68,1.15,-0.4
06-04-2022,122.65,126.25,121.5,126,124.8112023,1433164,11425,178874922,854540,59.63,4.75,3.35
07-04-2022,124.15,126.8,123.2,123.5,125.0658844,608490,4876,76101340,152086,24.99,3.6,-0.65
08-04-2022,124.8,127.5,124.05,126.95,126.022981,515165,4010,64922629,173265,33.63,3.45,2.15
11-04-2022,126.95,129.4,126.6,128.8,128.5285397,1034174,11153,132920874,554349,53.6,2.8,1.85
12-04-2022,129,129,125.25,126.1,126.8592829,349197,4595,44298881,124738,35.72,3.75,-2.9
13-04-2022,126.5,128.95,125.8,127.85,127.8756967,735250,6733,94020606,342113,46.53,3.15,1.35
18-04-2022,127.95,128.5,126.4,128.05,127.7935755,375469,3517,47982526,99089,26.39,2.1,0.1
19-04-2022,129.65,133,128.65,130.35,131.1965401,835814,6497,109655905,237663,28.43,4.35,0.7
20-04-2022,130.75,134.2,130.7,133.3,132.9270141,1078702,10884,143388636,489175,45.35,3.5,2.55
21-04-2022,134.65,135.4,133.45,135,134.4782843,594546,5221,79953526,221671,37.28,1.95,0.35
22-04-2022,135.5,136,133.8,134.3,134.7537369,450506,3358,60707367,,,2.2,-1.2
